가게명,리뷰수,배달기준금액,배달비,리뷰수_log,배달기준금액_log,배달비_log,ClusterLabel
굽네치킨&피자-방학1동점,1019,15000,3000,6.927557906278317,9.61587214452889,8.006700845440367,1
파무쳐두마리파닭,781,15000,2000,6.661854740545311,9.61587214452889,7.601402334583733,2
동근이숯불두마리치킨-노원점,1043,15900,2500,6.950814768442584,9.674137279312397,7.824445930877619,1
불아더숯불바베큐-노원점,132,16000,4000,4.890349128221754,9.680406499268875,8.294299608857235,1
롯데리아-마들역점,3879,10000,3500,8.263590432617319,9.210440366976517,8.160803920954665,0
BBQ-도봉역점,426,17000,3000,6.056784013228625,9.741027444837728,8.006700845440367,1
썬더치킨-상계점,504,14900,3000,6.22455842927536,9.60918360377546,8.006700845440367,1
맛있는파닭-방학점,33,15000,4000,3.5263605246161616,9.61587214452889,8.294299608857235,3
청춘불닭발-강북점,86,17000,5900,4.465908118654584,9.741027444837728,8.682877107057168,1
노랑통닭-중계점,2494,18000,3000,7.822044008185619,9.798182590890704,8.006700845440367,1
후라이드참잘하는집-상계점,5217,10000,2000,8.559869465696673,9.210440366976517,7.601402334583733,2
이끌리오-중계점,331,13000,1000,5.805134968916488,9.472781556562168,6.90875477931522,2
BHC-중계본점,7215,16000,3000,8.88405606174246,9.680406499268875,8.006700845440367,1
지코바-노원상계2호점,5200,12000,3000,8.556606193773073,9.392745258631441,8.006700845440367,1
맛닭꼬-상계로또점,367,10000,1000,5.908082938168931,9.210440366976517,6.90875477931522,2
꼬꼬스토리-상계보람점,266,8000,2900,5.58724865840025,8.987321812850125,7.972810784121404,0
BHC-상계대박점,631,16000,3000,6.448889394146858,9.680406499268875,8.006700845440367,1
지코바치킨-노원상계1호점,653,17000,3000,6.483107351457199,9.741027444837728,8.006700845440367,1
푸라닭-수락산역점,326,18900,2500,5.7899601708972535,9.846970109700957,7.824445930877619,1
BBQ-마들점,2647,15000,3000,7.881559917056899,9.61587214452889,8.006700845440367,1
BHC-마들점,1453,16000,3000,7.282073658093465,9.680406499268875,8.006700845440367,1
처갓집양념치킨-노원역점,1328,17000,2000,7.192182058713246,9.741027444837728,7.601402334583733,2
처갓집양념치킨-상계점,3562,16000,2000,8.178358165605836,9.680406499268875,7.601402334583733,2
BBQ-방학점,1123,18000,3500,7.024649030453636,9.798182590890704,8.160803920954665,1
푸라닭-상계1호점,261,16900,3000,5.568344503761097,9.735128070758227,8.006700845440367,1
코리엔탈깻잎두마리치킨-상계1호점,1082,15000,2000,6.9874902470009905,9.61587214452889,7.601402334583733,2
큰집닭강정-마들점,162,8000,3500,5.093750200806762,8.987321812850125,8.160803920954665,0
푸라닭-하계점,61,16900,4000,4.127134385045092,9.735128070758227,8.294299608857235,3
교촌치킨-도봉점,2072,16000,4000,7.636752112435779,9.680406499268875,8.294299608857235,1
꼬꼬스토리닭강정-수락산역점,744,8000,2900,6.61338421837956,8.987321812850125,7.972810784121404,0
60계-서울상계점,362,16500,2900,5.8944028342648505,9.711176264112805,7.972810784121404,1
모모치킨-상계점,1516,14000,2000,7.324489979348532,9.546884034617925,7.601402334583733,2
처갓집양념치킨-수락산점,1800,17000,2000,7.496097345175956,9.741027444837728,7.601402334583733,2
호식이두마리치킨-중계행복점,2469,16000,2000,7.8119734296220225,9.680406499268875,7.601402334583733,2
굽네치킨&피자-상계6.7동점,3914,15000,3000,8.272570608424903,9.61587214452889,8.006700845440367,1
BHC-도봉역점,9684,16000,3000,9.178333575841096,9.680406499268875,8.006700845440367,1
지코바치킨-방학1호점,704,17000,3000,6.558197802812269,9.741027444837728,8.006700845440367,1
명가옛날통닭-노원점,190,15000,2000,5.25227342804663,9.61587214452889,7.601402334583733,2
페리카나-상계역점,3251,17000,3000,8.087025470667701,9.741027444837728,8.006700845440367,1
크라칸치킨,205,14900,2000,5.327876168789581,9.60918360377546,7.601402334583733,2
푸라닭-쌍문점,1203,15900,4500,7.093404625868766,9.674137279312397,8.412054873292933,1
노랑통닭-방학점,614,18000,3500,6.421622267806518,9.798182590890704,8.160803920954665,1
앤덤두마리치킨,1472,16000,2000,7.29505641646263,9.680406499268875,7.601402334583733,2
가마로강정-방학역점,242,15000,3000,5.493061443340548,9.61587214452889,8.006700845440367,1
교촌치킨-수락산역점,1065,16000,4000,6.97166860472579,9.680406499268875,8.294299608857235,1
자담치킨-방학점,181,18000,3800,5.204006687076795,9.798182590890704,8.24301946898925,1
국제통닭-노원직영점,240,10000,2000,5.484796933490655,9.210440366976517,7.601402334583733,0
BHC-중계점,2454,16000,3000,7.805882040228621,9.680406499268875,8.006700845440367,1
롯데리아-노원역점,1970,10000,3500,7.58629630715272,9.210440366976517,8.160803920954665,0
피치떡&노원점,75,14900,1000,4.330733340286331,9.60918360377546,6.90875477931522,2
오븐화치킨-상계점,316,14000,2000,5.75890177387728,9.546884034617925,7.601402334583733,2
처갓집양념치킨-도봉점,984,17000,3000,6.892641641172089,9.741027444837728,8.006700845440367,1
푸라닭-중계점,84,16900,3500,4.442651256490317,9.735128070758227,8.160803920954665,1
알통떡강정-쌍문점,473,11000,4000,6.161207321695077,9.305741456739435,8.294299608857235,0
순삭닭강정-상계점,257,15000,2000,5.552959584921617,9.61587214452889,7.601402334583733,2
호식이두마리치킨-수락산점,855,14000,3000,6.752270376141742,9.546884034617925,8.006700845440367,1
순살만공격-상계점,88,14000,4000,4.48863636973214,9.546884034617925,8.294299608857235,3
미쳐버린파닭-상계중계점,213,15000,2000,5.365976015021851,9.61587214452889,7.601402334583733,2
꾸브라꼬숯불두마리치킨-상계점,324,16500,3000,5.783825182329737,9.711176264112805,8.006700845440367,1
굽네치킨&피자-수락점,2288,13500,4000,7.735870319952567,9.510519035757246,8.294299608857235,1
기영이숯불두마리치킨-노원상계점,45,15000,2500,3.828641396489095,9.61587214452889,7.824445930877619,3
노랑통닭-노원역점,1316,18000,3500,7.183111701743281,9.798182590890704,8.160803920954665,1
맛닭꼬-중계브라운스톤점,276,12000,3000,5.6240175061873385,9.392745258631441,8.006700845440367,0
기영이숯불두마리치킨-도봉방학점,69,17000,4000,4.248495242049359,9.741027444837728,8.294299608857235,3
부어치킨-상계로또사거리점,1528,16000,3000,7.332369205929062,9.680406499268875,8.006700845440367,1
BHC-하계점,2232,16000,4500,7.711101251840158,9.680406499268875,8.412054873292933,1
치킨마루-보람한신점,600,14000,2000,6.398594934535208,9.546884034617925,7.601402334583733,2
썬더치킨-도봉구청점,109,13900,2900,4.700480365792417,9.539716058977092,7.972810784121404,1
도깨비시장옛날통닭,60,11000,3400,4.110873864173311,9.305741456739435,8.131824785007195,0
스마일닭강정,277,12000,4400,5.627621113690637,9.392745258631441,8.38958706681109,0
꼬꼬스토리-도봉한신점,69,8000,3000,4.248495242049359,8.987321812850125,8.006700845440367,0
교촌치킨-상계보람점,210,15000,4000,5.351858133476067,9.61587214452889,8.294299608857235,1
닭강정공방-노원중앙점,296,11000,3400,5.6937321388027,9.305741456739435,8.131824785007195,0
가마로강정-은행사거리점,1680,17000,4400,7.427144133408616,9.741027444837728,8.38958706681109,1
누룽통닭-방학점,9,15000,2900,2.302585092994046,9.61587214452889,7.972810784121404,3
전설의바베큐치킨,411,17000,3400,6.021023349349527,9.741027444837728,8.131824785007195,1
순살의민족-창동점,242,9900,3400,5.493061443340548,9.200391041122515,8.131824785007195,0
롯데리아-창동역점,2424,10000,3500,7.793586803371584,9.210440366976517,8.160803920954665,0
걸작떡볶이치킨-쌍문창동점,3925,18000,3000,8.275376374836407,9.798182590890704,8.006700845440367,1
오븐마루-중계점,1035,14000,3500,6.943122422819428,9.546884034617925,8.160803920954665,1
푸라닭-상계역점,675,16900,4500,6.516193076042964,9.735128070758227,8.412054873292933,1
네네치킨-방학1점,1811,16000,4000,7.502186486602924,9.680406499268875,8.294299608857235,1
BHC-상계행복점,909,16000,4000,6.813444599510896,9.680406499268875,8.294299608857235,1
푸라닭-창4동점,555,15900,3500,6.320768294250582,9.674137279312397,8.160803920954665,1
또래오래-도봉점,396,15000,3000,5.983936280687191,9.61587214452889,8.006700845440367,1
네네치킨-상계마들점,1731,15000,3000,7.4570320891223805,9.61587214452889,8.006700845440367,1
서오릉피자-노원상계점,167,15000,1500,5.123963979403259,9.61587214452889,7.313886831633462,2
BBQ-상계수락점,142,18000,3000,4.962844630259907,9.798182590890704,8.006700845440367,1
강가옛날통닭,22,15000,2000,3.1354942159291497,9.61587214452889,7.601402334583733,3
치킨마루-마들점,586,16000,2000,6.375024819828097,9.680406499268875,7.601402334583733,2
BBQ-노원스타점,32,15000,4000,3.4965075614664802,9.61587214452889,8.294299608857235,3
88옛날통닭-창동점,16,15000,3900,2.833213344056216,9.61587214452889,8.268988209506656,3
참존숯불바베큐치킨-방학점,92,15000,3000,4.532599493153256,9.61587214452889,8.006700845440367,1
롯데리아-수락산역점,1165,10000,4000,7.061334366910438,9.210440366976517,8.294299608857235,0
맘스터치-노원로데오점,750,12000,3500,6.621405651764134,9.392745258631441,8.160803920954665,1
굽네치킨&피자-상계보람점,1265,15000,4000,7.143617602704121,9.61587214452889,8.294299608857235,1
요녀석파스타&필라프-도봉점,555,10000,2900,6.320768294250582,9.210440366976517,7.972810784121404,0
순수치킨-상계점,415,16000,2000,6.030685260261263,9.680406499268875,7.601402334583733,2
큰집닭강정-창동직영점,15,10000,3400,2.772588722239781,9.210440366976517,8.131824785007195,3
롯데리아-GS마트상계점,83,10000,3500,4.430816798843313,9.210440366976517,8.160803920954665,0
맥시칸치킨-상계점,470,17000,3000,6.154858094016418,9.741027444837728,8.006700845440367,1
큰집닭강정-쌍문역점,46,13000,4400,3.8501476017100584,9.472781556562168,8.38958706681109,3
통닭마니아-수락산역점,6,15000,2900,1.9459101490553132,9.61587214452889,7.972810784121404,3
호식이두마리치킨-창동점,754,15000,4000,6.626717749249025,9.61587214452889,8.294299608857235,1
테이크돈,3,14000,2900,1.3862943611198906,9.546884034617925,7.972810784121404,3
가마꿉-도봉점,3,15000,2000,1.3862943611198906,9.61587214452889,7.601402334583733,3
와구이닭,0,15000,3400,0.0,9.61587214452889,8.131824785007195,3
두레통닭-신도봉점,42,10000,2900,3.7612001156935624,9.210440366976517,7.972810784121404,0
새우치킨덤-창동점,201,16900,4300,5.308267697401205,9.735128070758227,8.366602832783736,1
꼬꼬스토리-중계은사점,152,15000,4400,5.030437921392435,9.61587214452889,8.38958706681109,1
KFC-노원역점,760,11000,3000,6.634633357861686,9.305741456739435,8.006700845440367,0
마로바베큐치킨,87,14000,3500,4.477336814478207,9.546884034617925,8.160803920954665,3
닥엔돈스직화바베큐치킨-상계점,6,19000,2500,1.9459101490553132,9.852246888342531,7.824445930877619,3
알통떡강정-상계점,28,15000,2500,3.367295829986474,9.61587214452889,7.824445930877619,3
88옛날통닭&안주마을,48,15000,3000,3.8918202981106265,9.61587214452889,8.006700845440367,3
채선당도시락&샐러드-마들점,562,15000,2900,6.333279628139691,9.61587214452889,7.972810784121404,1
God치킨,47,12000,4000,3.871201010907891,9.392745258631441,8.294299608857235,3
치탑7-수락산점,31,13000,2000,3.4657359027997265,9.472781556562168,7.601402334583733,3
파스타집이야-노원점,453,8000,2500,6.118097198041348,8.987321812850125,7.824445930877619,0
피자헤븐-상계점,1848,17000,1000,7.522400231387125,9.741027444837728,6.90875477931522,2
피플스파스타-노원점,199,14000,3000,5.298317366548036,9.546884034617925,8.006700845440367,1
프레드피자-서울노원점,209,15900,3000,5.3471075307174685,9.674137279312397,8.006700845440367,1
피자벨리-본점,479,15900,2000,6.173786103901937,9.674137279312397,7.601402334583733,2
오늘은스파게티&치즈밥-노원구점,69,13000,3500,4.248495242049359,9.472781556562168,8.160803920954665,3
세븐한식&분식천국,847,13000,3000,6.742880635791903,9.472781556562168,8.006700845440367,1
레전드고기한상-도봉점,378,10000,3000,5.937536205082426,9.210440366976517,8.006700845440367,0
599버거,182,10500,4000,5.209486152841421,9.259225769705994,8.294299608857235,0
덕수파스타-수유점,1,12000,3900,0.6931471805599453,9.392745258631441,8.268988209506656,3
서오릉피자-노원상계점,167,15000,1500,5.123963979403259,9.61587214452889,7.313886831633462,2
7번가피자-상계점,5871,19000,1000,8.677950570294351,9.852246888342531,6.90875477931522,2
요녀석파스타&필라프-도봉점,555,10000,2900,6.320768294250582,9.210440366976517,7.972810784121404,0
자가제빵선명희피자-창동점,1478,20000,2400,7.2991214627108,9.90353755128617,7.783640596221253,1
스파게티스토리-노원점,1133,13000,2400,7.033506484287697,9.472781556562168,7.783640596221253,1
파스타한끼!,74,5000,2000,4.31748811353631,8.517393171418904,7.601402334583733,0
젓가락파스타&돈부리,388,7000,2400,5.963579343618446,8.853808274977197,7.783640596221253,0
빨간모자피자-노원점,173,15000,1500,5.159055299214529,9.61587214452889,7.313886831633462,2
도로시파스타연정-노원중앙점,156,8000,2500,5.056245805348308,8.987321812850125,7.824445930877619,0
로니로티-노원점,120,15000,1500,4.795790545596741,9.61587214452889,7.313886831633462,2
피제이피자-노원직영점,1202,14900,1000,7.0925737159746784,9.60918360377546,6.90875477931522,2
반올림피자-상계중계점,1635,15900,2000,7.400009517162692,9.674137279312397,7.601402334583733,2
서양국시,120,10000,2000,4.795790545596741,9.210440366976517,7.601402334583733,0
옐로우피자-상계점,629,15900,1000,6.4457198193855785,9.674137279312397,6.90875477931522,2
파스타입니다-노원점,1310,7000,3200,7.1785454837637,8.853808274977197,8.071218539969863,0
피자에땅-중계점,941,15900,1000,6.848005274576363,9.674137279312397,6.90875477931522,2
버텍스미국식덮밥-노원점,342,9900,3400,5.8377304471659395,9.200391041122515,8.131824785007195,0
피자런-수락점,252,11900,1000,5.53338948872752,9.38437770918244,6.90875477931522,2
폭풍토핑피자스톰-노원점,49,15900,2000,3.912023005428146,9.674137279312397,7.601402334583733,2
피자아이씨-중계본동점,58,15000,3000,4.07753744390572,9.61587214452889,8.006700845440367,3
피자애-노원역점,338,11000,1000,5.82600010738045,9.305741456739435,6.90875477931522,2
아웃백-노원점,387,20000,2500,5.961005339623274,9.90353755128617,7.824445930877619,1
봉대박파스타&스테이크-노원역점,292,15000,3400,5.680172609017068,9.61587214452889,8.131824785007195,1
슬로우캘리-노원점,92,12000,3400,4.532599493153256,9.392745258631441,8.131824785007195,0
피자1989-상계점,886,15900,3500,6.787844982309579,9.674137279312397,8.160803920954665,1
파파존스피자-노원점,594,19900,2000,6.38856140554563,9.898525260706313,7.601402334583733,2
써브웨이-수락산역점,70,12900,2900,4.2626798770413155,9.465060106725137,7.972810784121404,3
피자헛-수락산역점,1569,19900,2000,7.358830898342354,9.898525260706313,7.601402334583733,2
왕손피자-도봉구점,1267,15000,2000,7.145196134997171,9.61587214452889,7.601402334583733,2
서가앤쿡-서울노원점,201,20000,3000,5.308267697401205,9.90353755128617,8.006700845440367,1
백종원의롤링파스타-노원역점,388,15000,4000,5.963579343618446,9.61587214452889,8.294299608857235,1
미스터피자-상계점,775,19900,2000,6.654152520183219,9.898525260706313,7.601402334583733,2
피자창고,109,12500,1000,4.700480365792417,9.433563920090563,6.90875477931522,2
올드델리,364,15000,3400,5.8998973535824915,9.61587214452889,8.131824785007195,1
올리오,215,11000,3400,5.375278407684165,9.305741456739435,8.131824785007195,0
이퓨레,103,12000,2400,4.6443908991413725,9.392745258631441,7.783640596221253,0
도미노피자-상계점,1147,21900,2000,7.045776576879511,9.994287576862567,7.601402334583733,2
자가제빵선명희피자-노원점,302,20000,3400,5.713732805509369,9.90353755128617,8.131824785007195,1
피치랑피자&치킨-노원상계점,193,16000,2000,5.267858159063328,9.680406499268875,7.601402334583733,2
돼지게티-노원구점,63,15900,2600,4.1588830833596715,9.674137279312397,7.8636512654486515,3
마마스임실치즈피자-노원상계점,148,18000,2000,5.003946305945459,9.798182590890704,7.601402334583733,2
이태리면가게파스타&필라프-노원점,82,10000,3400,4.418840607796598,9.210440366976517,8.131824785007195,0
덤덤피자-방학점,148,17000,1500,5.003946305945459,9.741027444837728,7.313886831633462,2
피자애-상계점,62,12000,4000,4.143134726391533,9.392745258631441,8.294299608857235,3
피자알볼로-상계점,621,18000,4000,6.432940092739179,9.798182590890704,8.294299608857235,1
굽네치킨&피자-방학1동점,1019,15000,3000,6.927557906278317,9.61587214452889,8.006700845440367,1
1인피자고피자-중계학원가점,189,9900,4400,5.247024072160486,9.200391041122515,8.38958706681109,0
어글리스토브-노원역점,34,15900,3400,3.5553480614894135,9.674137279312397,8.131824785007195,3
수제피자꼬레노,472,14900,2000,6.159095388491933,9.60918360377546,7.601402334583733,2
파스토보이-도봉점,223,9500,4000,5.4116460518550396,9.15915233520675,8.294299608857235,0
파스타미식당,199,9900,3900,5.298317366548036,9.200391041122515,8.268988209506656,0
닐리비스트로-중계점,30,12000,4400,3.4339872044851463,9.392745258631441,8.38958706681109,3
오구쌀피자-상계7단지점,81,14900,2500,4.406719247264253,9.60918360377546,7.824445930877619,3
제주돈줘&보네르파스타,42,10000,2900,3.7612001156935624,9.210440366976517,7.972810784121404,0
빅보이스테이크 중계점,892,15000,5400,6.794586580876499,9.61587214452889,8.594339400592892,1
피자꾼-창동점,64,20000,2000,4.174387269895637,9.90353755128617,7.601402334583733,2
리얼파스타-창동점,86,15000,3500,4.465908118654584,9.61587214452889,8.160803920954665,1
컨트리맨즈-중계점,26,20000,3400,3.295836866004329,9.90353755128617,8.131824785007195,3
엣지리스피자,59,14900,2900,4.0943445622221,9.60918360377546,7.972810784121404,3
밥깨비-노원점,1039,12000,2000,6.946975992135418,9.392745258631441,7.601402334583733,2
프랭크수제치즈버거-노원역점,734,9900,3400,6.5998704992128365,9.200391041122515,8.131824785007195,0
써브웨이-노원점,787,8000,3900,6.669498089857879,8.987321812850125,8.268988209506656,0
피자창고-쌍문점,3,13500,2900,1.3862943611198906,9.510519035757246,7.972810784121404,3
투파인드피터-노원점,6,15000,3000,1.9459101490553132,9.61587214452889,8.006700845440367,3
헝그리브라더스필라프&파스타-쌍문점,1303,15000,5500,7.1731917424865985,9.61587214452889,8.612685172875459,1
샐러드로우&트라타-노원점,139,11000,2700,4.941642422609304,9.305741456739435,7.901377353792616,0
요남자파스타,121,15000,5400,4.804021044733257,9.61587214452889,8.594339400592892,1
피자먹다-중계점,5,12900,3900,1.791759469228055,9.465060106725137,8.268988209506656,3
밀창고-방학점,0,12900,2500,0.0,9.465060106725137,7.824445930877619,3
2ndmeal(세컨밀),63,13000,3900,4.1588830833596715,9.472781556562168,8.268988209506656,3
삿포로돈까스앤스파게티,5632,12000,6400,8.636397438894713,9.392745258631441,8.764209507142004,1
미(美)스테이크,34,11000,3400,3.5553480614894135,9.305741456739435,8.131824785007195,3
502세컨즈카페-노원점,1280,14000,3000,7.155396301896734,9.546884034617925,8.006700845440367,1
솔로박스-태릉점,44,11900,4000,3.8066624897703196,9.38437770918244,8.294299608857235,3
마르코존스피자&오렌지몽키파스타,0,9900,3400,0.0,9.200391041122515,8.131824785007195,3
돈카춘돈까스&카레-노원점,212,10000,2900,5.3612921657094255,9.210440366976517,7.972810784121404,0
두마리찜닭두찜-수락산역점,1926,17800,2000,7.563719668414366,9.787009914477434,7.601402334583733,2
굽네치킨&피자-상계6.7동점,3914,15000,3000,8.272570608424903,9.61587214452889,8.006700845440367,1
배가당함박스테이크,16,13000,2900,2.833213344056216,9.472781556562168,7.972810784121404,3
비엣포쌀국수,314,15900,3500,5.752572638825633,9.674137279312397,8.160803920954665,1
멕시칸라이브그릴-하계점,201,17000,6400,5.308267697401205,9.741027444837728,8.764209507142004,1
제임스키친-노원점,53,20000,3400,3.9889840465642745,9.90353755128617,8.131824785007195,3
써브웨이-중계은행사거리점,175,8000,4200,5.170483995038151,8.987321812850125,8.343077871169383,0
프랭크수제치즈버거-수락산역점,310,9900,3300,5.739792912179234,9.200391041122515,8.101980731853192,0
스테이크스토리,14,10000,4000,2.70805020110221,9.210440366976517,8.294299608857235,3
프랭크버거-중계에이스타워점,48,9800,4000,3.8918202981106265,9.19023970026918,8.294299608857235,0
버거브라더-도봉점,224,13000,2900,5.41610040220442,9.472781556562168,7.972810784121404,1
소테파스타,363,11000,3500,5.8971538676367405,9.305741456739435,8.160803920954665,0
매일파스타-중계점,30,13000,5400,3.4339872044851463,9.472781556562168,8.594339400592892,3
삼각지붕에화덕피자,10,12000,5000,2.3978952727983707,9.392745258631441,8.517393171418904,3
오렌지몽키파스타&피자-노원점,3,15000,2900,1.3862943611198906,9.61587214452889,7.972810784121404,3
헬로파스타,10,12000,4400,2.3978952727983707,9.392745258631441,8.38958706681109,3
포메인-중계점,98,15000,3500,4.59511985013459,9.61587214452889,8.160803920954665,1
마이스테이크,1,10000,4000,0.6931471805599453,9.210440366976517,8.294299608857235,3
뉴욕핫도그앤커피-쌍문점,44,15000,5000,3.8066624897703196,9.61587214452889,8.517393171418904,3
고져스파스타,42,9900,6400,3.7612001156935624,9.200391041122515,8.764209507142004,0
TGIF-롯데백화점노원점,10,19000,2000,2.3978952727983707,9.852246888342531,7.601402334583733,3
굽네치킨&피자-수락점,2288,13500,4000,7.735870319952567,9.510519035757246,8.294299608857235,1
나우키친-중계점,231,15000,4400,5.44673737166631,9.61587214452889,8.38958706681109,1
아담만두앤파스타-신창동점,3,12900,5400,1.3862943611198906,9.465060106725137,8.594339400592892,3
두마리찜닭두찜-노원하계점,2807,12000,5000,7.940227765145702,9.392745258631441,8.517393171418904,1
담꾹-노원점,19,10000,2900,2.995732273553991,9.210440366976517,7.972810784121404,3
홍대쌀국수-방학점,23,12000,3000,3.1780538303479458,9.392745258631441,8.006700845440367,3
장스테이크&파스타-본점,31,13000,3400,3.4657359027997265,9.472781556562168,8.131824785007195,3
피치떡&노원점,75,14900,1000,4.330733340286331,9.60918360377546,6.90875477931522,2
지니피자,6,15000,4400,1.9459101490553132,9.61587214452889,8.38958706681109,3
조아요돈까스,10,10000,4000,2.3978952727983707,9.210440366976517,8.294299608857235,3
라와마라탕-2호점,644,15000,3000,6.4692503167957724,9.61587214452889,8.006700845440367,1
착한마라탕-노원점,54,13000,3000,4.007333185232471,9.472781556562168,8.006700845440367,3
탕수육튀김나라,20,20000,5000,3.044522437723423,9.90353755128617,8.517393171418904,3
신미방마라탕-노원역점,1346,15000,3000,7.205635176410364,9.61587214452889,8.006700845440367,1
황제해물짬뽕,1857,16000,2900,7.527255919373784,9.680406499268875,7.972810784121404,1
라화쿵부마라탕-창동점,1139,13000,3000,7.038783541388542,9.472781556562168,8.006700845440367,1
춘향마라탕,1056,11900,3900,6.963189985870238,9.38437770918244,8.268988209506656,1
홍콩반점0410-노원역남부점,1278,13000,3000,7.153833801578843,9.472781556562168,8.006700845440367,1
춘리마라탕-노원점,491,15000,3400,6.198478716492308,9.61587214452889,8.131824785007195,1
소림마라탕-노원점,4247,13500,2900,8.354203562921775,9.510519035757246,7.972810784121404,1
춘리마라탕-방학점,115,16900,2900,4.7535901911063645,9.735128070758227,7.972810784121404,1
홍콩반점0410-창동역점,1678,13000,3400,7.425953657077541,9.472781556562168,8.131824785007195,1
홍콩반점0410-방학점,667,20000,3900,6.504288173536645,9.90353755128617,8.268988209506656,1
펑라이,219,15000,2900,5.393627546352362,9.61587214452889,7.972810784121404,1
짜장마을-방학점,817,15000,900,6.706862336602747,9.61587214452889,6.803505257608338,2
탕화쿵푸마라탕-노원역점,141,15000,3400,4.955827057601261,9.61587214452889,8.131824785007195,1
라쿵푸마라탕-창동점,38,12000,2000,3.6635616461296463,9.392745258631441,7.601402334583733,2
슈엔챠이,595,25000,3000,6.39024066706535,10.12667110305036,8.006700845440367,1
쉐프의생안심탕수육-노원직영점,193,16000,2500,5.267858159063328,9.680406499268875,7.824445930877619,1
라화쿵부마라탕-상계점,1,10900,1500,0.6931471805599453,9.296609807128359,7.313886831633462,3
경화루-상계점,104,10000,2000,4.653960350157523,9.210440366976517,7.601402334583733,0
도깨비마라탕,165,12000,3500,5.111987788356544,9.392745258631441,8.160803920954665,0
미미,60,15000,3900,4.110873864173311,9.61587214452889,8.268988209506656,3
라사천마라탕-노원점,468,14900,3400,6.150602768446279,9.60918360377546,8.131824785007195,1
차이홍-쌍문점,241,15000,5400,5.488937726156687,9.61587214452889,8.594339400592892,1
미연마라탕-방학점,22,12000,2900,3.1354942159291497,9.392745258631441,7.972810784121404,3
리차이나,305,17000,5400,5.723585101952381,9.741027444837728,8.594339400592892,1
정성반점-노원점,441,24000,3400,6.091309882077698,10.085850775128717,8.131824785007195,1
중식당몽,27,17000,3900,3.332204510175204,9.741027444837728,8.268988209506656,3
문성해물짬뽕,219,15000,5400,5.393627546352362,9.61587214452889,8.594339400592892,1
1989마라탕-노원점,139,15000,2500,4.941642422609304,9.61587214452889,7.824445930877619,1
브라더양꼬치&마라탕-16호점,59,15000,3300,4.0943445622221,9.61587214452889,8.101980731853192,3
불간짬뽕-당고개점,4,15000,3900,1.6094379124341003,9.61587214452889,8.268988209506656,3
칭따오양마라탕군,19,15000,2900,2.995732273553991,9.61587214452889,7.972810784121404,3
뜸들이다-창동점,1672,8700,2400,7.422373700986824,9.071193240566025,7.783640596221253,0
라화쿵부마라탕-상계역점,170,13000,3000,5.14166355650266,9.472781556562168,8.006700845440367,1
취하리,7,15000,5400,2.0794415416798357,9.61587214452889,8.594339400592892,3
조선우육탕&면-노원점,7,15000,3900,2.0794415416798357,9.61587214452889,8.268988209506656,3
향림,1217,15000,6400,7.1049654482698426,9.61587214452889,8.764209507142004,1
탕수육주는육군짬뽕-노원점,39,14900,3000,3.6888794541139363,9.60918360377546,8.006700845440367,3
마차이나,5,15000,3400,1.791759469228055,9.61587214452889,8.131824785007195,3
요리왕2호점-창동점,126,10000,2000,4.844187086458591,9.210440366976517,7.601402334583733,0
용상중화요리,66,17000,1000,4.204692619390966,9.741027444837728,6.90875477931522,2
차이나온,245,20000,6400,5.5053315359323625,9.90353755128617,8.764209507142004,1
뽕쉡,281,20000,2900,5.641907070938114,9.90353755128617,7.972810784121404,1
파스타입니다-노원점,1310,7000,3200,7.1785454837637,8.853808274977197,8.071218539969863,0
"해담,짜장볶는집",18,21000,3400,2.9444389791664403,9.952325334619427,8.131824785007195,3
진향원마라탕-수유점,36,12900,5800,3.6109179126442243,9.465060106725137,8.665785595466064,3
황금룡-방학점,128,10000,2900,4.859812404361672,9.210440366976517,7.972810784121404,0
"중화요리전문점,황금성",37,16000,6400,3.6375861597263857,9.680406499268875,8.764209507142004,3
신라강호-마라전문점,22,15000,4400,3.1354942159291497,9.61587214452889,8.38958706681109,3
정셰프의쌀짬뽕-도봉산역점,5,15000,3900,1.791759469228055,9.61587214452889,8.268988209506656,3
청도양꼬치1호점,0,15000,3400,0.0,9.61587214452889,8.131824785007195,3
미성양꼬치&마라탕,10,26000,3400,2.3978952727983707,10.165890277802454,8.131824785007195,3
마라킹너희들나못이겨-수유점,5,9000,6400,1.791759469228055,9.105090961257085,8.764209507142004,3
마라탕마라샹궈노원훠궈무한리필,4,15000,4000,1.6094379124341003,9.61587214452889,8.294299608857235,3
8월의중식-노원점,247,9500,5400,5.5134287461649825,9.15915233520675,8.594339400592892,0
마라유혹중경식객,433,15000,6400,6.073044534100405,9.61587214452889,8.764209507142004,1
수상한탕수육-방학점,13,15000,4000,2.6390573296152584,9.61587214452889,8.294299608857235,3
도봉산팔뚝집,0,15000,3900,0.0,9.61587214452889,8.268988209506656,3
짬뽕선생,208,10000,25000,5.342334251964811,9.210440366976517,10.12667110305036,0
램반장-노원점,13,12000,4500,2.6390573296152584,9.392745258631441,8.412054873292933,3
링링중화요리,0,15000,4400,0.0,9.61587214452889,8.38958706681109,3
채월루-마라탕전문점,0,12000,3900,0.0,9.392745258631441,8.268988209506656,3
국밥생각-상계점,350,14000,2000,5.860786223465865,9.546884034617925,7.601402334583733,2
고기혁명-노원점,270,14900,2500,5.602118820879701,9.60918360377546,7.824445930877619,1
삼겹이차돌이,755,10000,2500,6.628041376179533,9.210440366976517,7.824445930877619,0
연평도간장게장-방학점,0,12000,5500,0.0,9.392745258631441,8.612685172875459,3
찌개덕후-본점,333,9900,3500,5.811140992976701,9.200391041122515,8.160803920954665,0
프리미엄김치찌개찌개왕-쌍문점,486,6000,4500,6.18826412308259,8.699681400989514,8.412054873292933,0
정음지음-김치요리전문점,544,16000,2500,6.300785794663244,9.680406499268875,7.824445930877619,1
30년불멸의닭발-쌍문점,41,9000,900,3.7376696182833684,9.105090961257085,6.803505257608338,2
옥수동묵은지김치찜-노원점,1553,8000,4000,7.348587530927593,8.987321812850125,8.294299608857235,0
시카고부대찌개-노원점,97,14000,2000,4.584967478670572,9.546884034617925,7.601402334583733,2
냉면&불타오르냉-노원점,49,14000,2000,3.912023005428146,9.546884034617925,7.601402334583733,2
미미국물닭발-노원점,5,10000,3000,1.791759469228055,9.210440366976517,8.006700845440367,3
육회만드는사람들-노원점,47,20000,2000,3.871201010907891,9.90353755128617,7.601402334583733,2
세븐한식&분식천국,847,13000,3000,6.742880635791903,9.472781556562168,8.006700845440367,1
신의주찹쌀순대-도봉구청점,158,8000,5000,5.0689042022202315,8.987321812850125,8.517393171418904,0
산적육회-노원상계점,4,20000,2000,1.6094379124341003,9.90353755128617,7.601402334583733,3
봉이네찜닭&닭도리탕-도봉노원점,124,19000,3000,4.8283137373023015,9.852246888342531,8.006700845440367,1
라와마라탕-2호점,644,15000,3000,6.4692503167957724,9.61587214452889,8.006700845440367,1
죽사랑-창동점,173,15000,2000,5.159055299214529,9.61587214452889,7.601402334583733,2
와우곱창막창,807,18000,2000,6.694562058521095,9.798182590890704,7.601402334583733,2
집밥뚝딱-쌍문점,5,3000,5000,1.791759469228055,8.006700845440367,8.517393171418904,0
큰맘할매순대국-먹골역점,871,16000,11000,6.77078942390898,9.680406499268875,9.305741456739435,1
"곱,끌림delivery-도봉점",14,24900,3000,2.70805020110221,10.122663242288953,8.006700845440367,3
금강산감자탕,21,9000,5000,3.091042453358316,9.105090961257085,8.517393171418904,0
알밥왕-창동점,205,8000,4500,5.327876168789581,8.987321812850125,8.412054873292933,0
미아닭발,4,14000,3000,1.6094379124341003,9.546884034617925,8.006700845440367,3
긴말하지않겠다냉면-창동점,126,10000,4500,4.844187086458591,9.210440366976517,8.412054873292933,0
야수곱창,17,24000,5000,2.8903717578961645,10.085850775128717,8.517393171418904,3
오늘은스파게티&치즈밥-노원구점,69,13000,3500,4.248495242049359,9.472781556562168,8.160803920954665,3
청춘불닭발-강북점,86,17000,5900,4.465908118654584,9.741027444837728,8.682877107057168,1
통영해물탕,34,15000,2000,3.5553480614894135,9.61587214452889,7.601402334583733,2
LA교룡갈비찜닭,27,15000,2000,3.332204510175204,9.61587214452889,7.601402334583733,3
이쿠라멘&돈카츠-도봉점,30,12000,5500,3.4339872044851463,9.392745258631441,8.612685172875459,3
레게노돈삼닭,3,12000,8400,1.3862943611198906,9.392745258631441,9.036106025364846,3
제육천재-도봉점,1485,9900,2400,7.303843225277705,9.200391041122515,7.783640596221253,0
열정국밥-방학점,946,10000,3500,6.853299093186078,9.210440366976517,8.160803920954665,0
청춘불닭발-노원본점,2696,15000,3000,7.89989532313973,9.61587214452889,8.006700845440367,1
밥이야-본점,3187,14000,2400,8.067149039910106,9.546884034617925,7.783640596221253,1
골목삼겹-노원점,442,9000,2500,6.093569770045136,9.105090961257085,7.824445930877619,0
밥깨비-노원점,1039,12000,2000,6.946975992135418,9.392745258631441,7.601402334583733,2
제육대가-노원구점,341,10000,1900,5.834810737062605,9.210440366976517,7.550135342488429,2
뜸들이다-창동점,1672,8700,2400,7.422373700986824,9.071193240566025,7.783640596221253,0
돌깨마을맷돌순두부-노원점,2195,8000,3400,7.694392802629421,8.987321812850125,8.131824785007195,0
싸움의고수-은행사거리점,425,7500,3400,6.054439346269371,8.922791623969637,8.131824785007195,0
수락이오냉면-본점,1277,12000,2900,7.15305163493748,9.392745258631441,7.972810784121404,1
행컵-노원점,1522,14000,2500,7.328437352895162,9.546884034617925,7.824445930877619,1
공릉동닭한마리-쌍문점,591,20000,2400,6.3835066348840055,9.90353755128617,7.783640596221253,1
곱볶당,837,16000,1900,6.731018100482083,9.680406499268875,7.550135342488429,2
털보고된이생선구이-노원직영점,177,16500,2500,5.181783550292085,9.711176264112805,7.824445930877619,1
곱분이곱창-방학역점,332,18000,3000,5.808142489980444,9.798182590890704,8.006700845440367,1
채선당도시락&샐러드-마들점,562,15000,2900,6.333279628139691,9.61587214452889,7.972810784121404,1
직화삼겹직구삼-노원1호점,1789,12000,900,7.489970898834801,9.392745258631441,6.803505257608338,2
마마쿡수제반찬(노원점),26,23000,2900,3.295836866004329,10.043292972227004,7.972810784121404,3
N도시락,328,10000,3500,5.796057750765372,9.210440366976517,8.160803920954665,0
도쿄감자탕-본점,712,2000,2000,6.569481420414296,7.601402334583733,7.601402334583733,0
청춘묵은지김치찜-창동점,542,10000,3500,6.297109319933935,9.210440366976517,8.160803920954665,0
설담재-창동본점,758,15000,3400,6.63200177739563,9.61587214452889,8.131824785007195,1
추가불곱창막창,596,16000,1000,6.391917113392602,9.680406499268875,6.90875477931522,2
고기듬뿍대왕비빔밥-서울노원점,920,19000,2900,6.825460036255307,9.852246888342531,7.972810784121404,1
이어도생선구이-수락산점,923,18000,2900,6.828712071641684,9.798182590890704,7.972810784121404,1
김인경제육집,984,10000,2900,6.892641641172089,9.210440366976517,7.972810784121404,0
아이엠찌개,313,12000,2500,5.749392985908253,9.392745258631441,7.824445930877619,0
대머리곱창,657,18000,2900,6.489204931325317,9.798182590890704,7.972810784121404,1
辛닭발닭날개,3218,15000,3400,8.076826031298808,9.61587214452889,8.131824785007195,1
따스한곱창-방학역점,130,13900,1000,4.875197323201151,9.539716058977092,6.90875477931522,2
연안식당-창동점,301,13000,3400,5.71042701737487,9.472781556562168,8.131824785007195,1
낙지한마리수제비-노원점,46,18000,2900,3.8501476017100584,9.798182590890704,7.972810784121404,3
장수봉평메밀촌,188,14000,2900,5.241747015059643,9.546884034617925,7.972810784121404,1
곤지암할매소머리국밥-도봉구청점,80,8000,3000,4.394449154672439,8.987321812850125,8.006700845440367,0
찜닭&닭도리달인-상계점,198,12000,3000,5.293304824724492,9.392745258631441,8.006700845440367,0
대성한우곱창-방학점,161,7900,2900,5.087596335232384,8.974744612722734,7.972810784121404,0
명륜진사갈비-수락산점,62,13000,2500,4.143134726391533,9.472781556562168,7.824445930877619,3
엄마손돼지불백-상계역점,355,13000,2500,5.87493073085203,9.472781556562168,7.824445930877619,1
홍춘천치즈닭갈비-마들역점,339,15000,2000,5.8289456176102075,9.61587214452889,7.601402334583733,2
신화쭈꾸미-상계점,580,23000,1500,6.364750756851911,10.043292972227004,7.313886831633462,2
닭발세상,381,16000,2000,5.945420608606575,9.680406499268875,7.601402334583733,2
채랑샤브-본점,722,24000,2900,6.583409222158765,10.085850775128717,7.972810784121404,1
우이동멸치국수-노원점,172,14000,3400,5.153291594497779,9.546884034617925,8.131824785007195,1
윤가네묵은지김치찜,174,20000,1000,5.1647859739235145,9.90353755128617,6.90875477931522,2
차고집칡냉면&수제돈까스,1746,12000,2900,7.465655310134056,9.392745258631441,7.972810784121404,1
30년불멸의닭발-쌍문점,41,9000,900,3.7376696182833684,9.105090961257085,6.803505257608338,2
육회한덮밥,4722,14000,2000,8.460199469896118,9.546884034617925,7.601402334583733,2
옥수동묵은지김치찜-노원점,1553,8000,4000,7.348587530927593,8.987321812850125,8.294299608857235,0
삼겹의민족-방학점,86,9900,3100,4.465908118654584,9.200391041122515,8.03947991910045,0
배달의쌀국수-상계점,902,5000,2000,6.805722553416985,8.517393171418904,7.601402334583733,0
푸곱앤혼곱,515,7000,3400,6.246106765481563,8.853808274977197,8.131824785007195,0
국민낙곱새-창동점,170,18000,2900,5.14166355650266,9.798182590890704,7.972810784121404,1
영양센타-노원역점,883,17500,3400,6.784457062637643,9.770013301136158,8.131824785007195,1
명동칼국수-상계백병원점,526,12500,3900,6.267200548541362,9.433563920090563,8.268988209506656,1
땅스부대찌개-상계점,117,13900,1400,4.770684624465665,9.539716058977092,7.244941546337007,2
고기극찬-노원점,64,16800,2500,4.174387269895637,9.729193687429403,7.824445930877619,3
본도시락-수락산역점,32,15000,2500,3.4965075614664802,9.61587214452889,7.824445930877619,3
권사부순대국-창동점,1206,14000,3500,7.095893221097532,9.546884034617925,8.160803920954665,1
지랄닭발-노원점,103,15000,2500,4.6443908991413725,9.61587214452889,7.824445930877619,1
대한민죽-창동점,54,8400,2000,4.007333185232471,9.036106025364846,7.601402334583733,0
감동식당,203,20000,2900,5.318119993844216,9.90353755128617,7.972810784121404,1
남촌-노원본점,663,8000,3900,6.498282149476434,8.987321812850125,8.268988209506656,0
화로몽-창동역점,155,14000,2400,5.049856007249537,9.546884034617925,7.783640596221253,2
원조멸치국수-마들점,54,13000,2900,4.007333185232471,9.472781556562168,7.972810784121404,3
국민닭발-노원점,212,17000,3000,5.3612921657094255,9.741027444837728,8.006700845440367,1
두마리찜닭두찜-노원하계점,2807,12000,5000,7.940227765145702,9.392745258631441,8.517393171418904,1
냉면쟁이고기꾼-창동점,1525,14000,3500,7.330405211844402,9.546884034617925,8.160803920954665,1
삼형제아바이순대국.감자탕,1862,11000,5400,7.529943370601589,9.305741456739435,8.594339400592892,0
광릉불고기&숯불고기냉면전문점,90,20000,2900,4.51085950651685,9.90353755128617,7.972810784121404,1
노원왕십리곱창,334,18000,2900,5.814130531825066,9.798182590890704,7.972810784121404,1
순수덮밥-도봉점,52,10000,2900,3.970291913552122,9.210440366976517,7.972810784121404,0
방학손칼국수,70,14000,2900,4.2626798770413155,9.546884034617925,7.972810784121404,3
신촌갈비국밥,929,12000,6400,6.835184586147301,9.392745258631441,8.764209507142004,1
아부찌부대찌개-창동점,244,13900,2900,5.501258210544727,9.539716058977092,7.972810784121404,1
1인용묵은지김치찜-쌍문점,58,21900,2000,4.07753744390572,9.994287576862567,7.601402334583733,2
THE더가득담은1인김치찜-노원점,1116,8000,6400,7.018401799069201,8.987321812850125,8.764209507142004,0
맛있는곱창-본점,479,22000,3000,6.173786103901937,9.99884318585288,8.006700845440367,1
신의주찹쌀순대-중계브라운스톤점,350,13000,5400,5.860786223465865,9.472781556562168,8.594339400592892,1
동대문엽기떡볶이-노원점,293,14000,3000,5.683579767338681,9.546884034617925,8.006700845440367,1
술술국밥,119,12000,3700,4.787491742782046,9.392745258631441,8.216358332386156,0
예림해물손칼국수,130,15000,3400,4.875197323201151,9.61587214452889,8.131824785007195,1
타코이찌타꼬야끼-노원전문점,213,14000,2000,5.365976015021851,9.546884034617925,7.601402334583733,2
세븐한식&분식천국,847,13000,3000,6.742880635791903,9.472781556562168,8.006700845440367,1
웰돈카츠-상계점,11,14000,3000,2.4849066497880004,9.546884034617925,8.006700845440367,3
연평도간장게장-방학점,0,12000,5500,0.0,9.392745258631441,8.612685172875459,3
이쿠라멘&돈카츠-도봉점,30,12000,5500,3.4339872044851463,9.392745258631441,8.612685172875459,3
천복스시,7,12000,3500,2.0794415416798357,9.392745258631441,8.160803920954665,3
육회만드는사람들-노원점,47,20000,2000,3.871201010907891,9.90353755128617,7.601402334583733,2
아라연대게-의정부점,1,30000,10000,0.6931471805599453,10.308985993422082,9.210440366976517,3
레게노돈삼닭,3,12000,8400,1.3862943611198906,9.392745258631441,9.036106025364846,3
잼재미초밥,4736,16000,1500,8.463159302923751,9.680406499268875,7.313886831633462,2
육회한덮밥,4722,14000,2000,8.460199469896118,9.546884034617925,7.601402334583733,2
육회한연어-노원점,2072,14000,2000,7.636752112435779,9.546884034617925,7.601402334583733,2
동경규동-노원역점,771,13000,2900,6.648984550024776,9.472781556562168,7.972810784121404,1
멘부리-노원점,174,8000,2000,5.1647859739235145,8.987321812850125,7.601402334583733,0
두툼바삭가츠-상계점,2952,14000,2000,7.990576881743923,9.546884034617925,7.601402334583733,2
아비꼬-노원역점,180,12000,2900,5.198497031265826,9.392745258631441,7.972810784121404,0
돈카춘돈까스&카레-노원점,212,10000,2900,5.3612921657094255,9.210440366976517,7.972810784121404,0
수시로스시,2131,15000,1000,7.664815785285735,9.61587214452889,6.90875477931522,2
야미가-상계점,153,13000,2000,5.0369526024136295,9.472781556562168,7.601402334583733,2
탐나종합어시장-방학역점,879,20000,3000,6.779921907472252,9.90353755128617,8.006700845440367,1
최고당돈가스-쌍문역점,676,10000,3900,6.517671272912275,9.210440366976517,8.268988209506656,0
아오리라멘-노원점,365,12000,2500,5.902633333401366,9.392745258631441,7.824445930877619,0
무겐다이,370,10000,2900,5.916202062607435,9.210440366976517,7.972810784121404,0
쿠마키친-수락산점,224,13000,2900,5.41610040220442,9.472781556562168,7.972810784121404,1
어장촌생선구이,318,18000,2000,5.765191102784844,9.798182590890704,7.601402334583733,2
육회연어랑스시,938,14000,2500,6.844815479208263,9.546884034617925,7.824445930877619,1
멘야마쯔리딜리버리라멘-중계점,175,12000,3400,5.170483995038151,9.392745258631441,8.131824785007195,0
삿포로돈까스앤스파게티,5632,12000,6400,8.636397438894713,9.392745258631441,8.764209507142004,1
스시데마에,336,15500,1000,5.820082930352362,9.648659816955295,6.90875477931522,2
멘부리-수유점,717,9000,5000,6.576469569048224,9.105090961257085,8.517393171418904,0
스시화-도봉점,849,16000,3500,6.745236349484363,9.680406499268875,8.160803920954665,1
다미참치,609,27000,2500,6.413458957167357,10.203629181337648,7.824445930877619,1
육회란연어다-공릉묵동점,1081,14000,3500,6.9865664594064265,9.546884034617925,8.160803920954665,1
스시소리,146,16000,2400,4.990432586778736,9.680406499268875,7.783640596221253,2
미소야-창동점,186,15000,3400,5.231108616854587,9.61587214452889,8.131824785007195,1
현스키친,957,9500,3900,6.86484777797086,9.15915233520675,8.268988209506656,0
해신횟집-상계점,273,20000,3000,5.6131281063880705,9.90353755128617,8.006700845440367,1
혜화동돈까스극장-서울상계점,760,13900,3000,6.634633357861686,9.539716058977092,8.006700845440367,1
늘해돈,64,14500,2900,4.174387269895637,9.581972891547895,7.972810784121404,3
롤앤폭돈까스,120,9000,4000,4.795790545596741,9.105090961257085,8.294299608857235,0
돈카츠전문점100카츠-상계1호점,61,16000,2900,4.127134385045092,9.680406499268875,7.972810784121404,3
주식이돈까스&탕수육,279,9000,3000,5.634789603169249,9.105090961257085,8.006700845440367,0
문지원의열정스시,202,16000,2900,5.313205979041787,9.680406499268875,7.972810784121404,1
삼정종합어시장-상계점,1587,25000,3900,7.370230641807081,10.12667110305036,8.268988209506656,1
셰프의돈까스,860,15000,2500,6.7580945044277305,9.61587214452889,7.824445930877619,1
신군산횟집,7,20000,3000,2.0794415416798357,9.90353755128617,8.006700845440367,3
가람참치&스시,231,23000,2000,5.44673737166631,10.043292972227004,7.601402334583733,2
육회촌연어리,964,9900,5500,6.872128101338986,9.200391041122515,8.612685172875459,0
스시고칸-중계점,509,12000,4400,6.234410725718371,9.392745258631441,8.38958706681109,1
미스터빠삭-상계점,1418,13000,3500,7.257707677160043,9.472781556562168,8.160803920954665,1
선진팜-쌍문점,484,15000,3400,6.184148890937483,9.61587214452889,8.131824785007195,1
주니초밥,909,16000,2900,6.813444599510896,9.680406499268875,7.972810784121404,1
나승준함흥냉면&코다리냉면,522,14000,3400,6.259581464064923,9.546884034617925,8.131824785007195,1
우애돈카츠-상계점,1182,10000,3000,7.075808863978387,9.210440366976517,8.006700845440367,0
돈카츠브라더스,210,12000,1000,5.351858133476067,9.392745258631441,6.90875477931522,2
혼돈혼자먹는돈까스-본점,78,15000,4000,4.3694478524670215,9.61587214452889,8.294299608857235,3
밀알생돈까스,270,15000,3900,5.602118820879701,9.61587214452889,8.268988209506656,1
밥깨비-노원점,1039,12000,2000,6.946975992135418,9.392745258631441,7.601402334583733,2
열심참치,527,18000,3500,6.269096283706261,9.798182590890704,8.160803920954665,1
스쿨푸드-노원점,678,15000,2500,6.520621127558696,9.61587214452889,7.824445930877619,1
수락이오냉면-본점,1277,12000,2900,7.15305163493748,9.392745258631441,7.972810784121404,1
사누끼-본점,51,15000,3400,3.9512437185814275,9.61587214452889,8.131824785007195,3
쉐프마인드,231,11000,3400,5.44673737166631,9.305741456739435,8.131824785007195,0
스시황초밥전문-창동본점,84,13000,3400,4.442651256490317,9.472781556562168,8.131824785007195,3
스시웨이-노원점,148,20000,2500,5.003946305945459,9.90353755128617,7.824445930877619,1
방학동우동,180,12000,4000,5.198497031265826,9.392745258631441,8.294299608857235,0
유메스시-도봉점,193,12000,2000,5.267858159063328,9.392745258631441,7.601402334583733,2
노원스시호,1787,15000,2000,7.488852955733459,9.61587214452889,7.601402334583733,2
청년어부초밥-수유점,19,15000,5400,2.995732273553991,9.61587214452889,8.594339400592892,3
현덕육회-노원점,25,8900,3500,3.258096538021482,9.093918908958932,8.160803920954665,0
고치소돈카츠,7,10000,2900,2.0794415416798357,9.210440366976517,7.972810784121404,3
육회왕자연어공주-방학점,74,9900,3000,4.31748811353631,9.200391041122515,8.006700845440367,0
돈카살롱-마들역점,14,14000,2900,2.70805020110221,9.546884034617925,7.972810784121404,3
바다와새우,66,20000,2000,4.204692619390966,9.90353755128617,7.601402334583733,2
아오리-노원점,11,12000,2500,2.4849066497880004,9.392745258631441,7.824445930877619,3
코바코-상계점,201,15000,2000,5.308267697401205,9.61587214452889,7.601402334583733,2
미스터빽실장-본점,379,20000,4400,5.940171252720432,9.90353755128617,8.38958706681109,1
뜸들이다-창동점,1672,8700,2400,7.422373700986824,9.071193240566025,7.783640596221253,0
커사스,99,12500,2900,4.605170185988092,9.433563920090563,7.972810784121404,0
명인만두-방학점,1508,12000,3000,7.319202458767849,9.392745258631441,8.006700845440367,1
마들회마트,32,21000,2900,3.4965075614664802,9.952325334619427,7.972810784121404,3
젓가락파스타&돈부리,388,7000,2400,5.963579343618446,8.853808274977197,7.783640596221253,0
"육회란연어다-중계,상계점",65,13800,2000,4.189654742026425,9.53249633228804,7.601402334583733,2
싱싱활어천국-노원점,157,20000,3900,5.062595033026967,9.90353755128617,8.268988209506656,1
네바다혼술횟집,451,21000,4000,6.113682179832232,9.952325334619427,8.294299608857235,1
교양식돈까스,13,15000,3400,2.6390573296152584,9.61587214452889,8.131824785007195,3
일심당-도봉점,34,12000,4400,3.5553480614894135,9.392745258631441,8.38958706681109,3
방아골스시,172,12000,3300,5.153291594497779,9.392745258631441,8.101980731853192,0
잇츠카츠-상계점,12,12000,2000,2.5649493574615367,9.392745258631441,7.601402334583733,3
킹스김밥,467,12000,3000,6.148468295917647,9.392745258631441,8.006700845440367,0
김밥천국-공릉점,974,11000,3000,6.882437470997847,9.305741456739435,8.006700845440367,0
남도회을지로골뱅이,97,20000,3500,4.584967478670572,9.90353755128617,8.160803920954665,1
유참치,1,25000,3000,0.6931471805599453,10.12667110305036,8.006700845440367,3
돈까스짱-방학동도깨비시장점,54,14000,4000,4.007333185232471,9.546884034617925,8.294299608857235,3
The수제돈까스&슬러시불냉면(강북점),3173,8500,6400,8.062747901086354,9.04793908261736,8.764209507142004,0
바다야숙성회,65,15000,3400,4.189654742026425,9.61587214452889,8.131824785007195,3
육회한도시락,180,14000,3500,5.198497031265826,9.546884034617925,8.160803920954665,1
타코타임타코야끼,981,12500,4500,6.889591308354466,9.433563920090563,8.412054873292933,1
채선당도시락&샐러드-마들점,562,15000,2900,6.333279628139691,9.61587214452889,7.972810784121404,1
삿갓봉초밥,319,17000,3000,5.768320995793772,9.741027444837728,8.006700845440367,1
청정바다수산-중계점,135,26000,3000,4.912654885736052,10.165890277802454,8.006700845440367,1
브라운돈까스-노원역점,44,15000,4000,3.8066624897703196,9.61587214452889,8.294299608857235,3
옛날한우샤맛고-도봉점,0,25900,1500,0.0,10.16203685698089,7.313886831633462,3
어전-초밥전문점,350,18000,3000,5.860786223465865,9.798182590890704,8.006700845440367,1
오니기리와이규동-은행사거리점,216,15000,4400,5.37989735354046,9.61587214452889,8.38958706681109,1
노량진수산시장벌교아줌마,1033,13000,20000,6.9411900550683745,9.472781556562168,9.90353755128617,1
김밥천국-마들역점,338,15000,3000,5.82600010738045,9.61587214452889,8.006700845440367,1
동해수산물회센터,586,20000,9000,6.375024819828097,9.90353755128617,9.105090961257085,1
차고집칡냉면&수제돈까스,1746,12000,2900,7.465655310134056,9.392745258631441,7.972810784121404,1
육회바른연어-쌍문점,194,10000,3500,5.272999558563747,9.210440366976517,8.160803920954665,0
은행골-도봉점,350,15000,2900,5.860786223465865,9.61587214452889,7.972810784121404,1
돈까스짱-상계점,83,15000,3500,4.430816798843313,9.61587214452889,8.160803920954665,3
스시노칸도-노원점,62,14000,2000,4.143134726391533,9.546884034617925,7.601402334583733,2
파스타입니다-노원점,1310,7000,3200,7.1785454837637,8.853808274977197,8.071218539969863,0
1%활어&숙성회,144,17000,5400,4.976733742420574,9.741027444837728,8.594339400592892,1
스시통-본점,17,20000,3400,2.8903717578961645,9.90353755128617,8.131824785007195,3
우마이초밥,308,20000,2900,5.733341276897746,9.90353755128617,7.972810784121404,1
우동야마이루식-창동점,51,9800,1900,3.9512437185814275,9.19023970026918,7.550135342488429,0
착한가격족선생,24,22000,4500,3.2188758248682006,9.99884318585288,8.412054873292933,3
앞다리뒷다리,200,28000,4500,5.303304908059076,10.239995502805316,8.412054873292933,1
삼시족발,2219,14900,2000,7.705262474866325,9.60918360377546,7.601402334583733,2
잭아저씨족발보쌈-노원점,4768,20000,1000,8.469891918298224,9.90353755128617,6.90875477931522,2
구구족-쌍문역점,4691,19000,2400,8.453614209773367,9.852246888342531,7.783640596221253,1
이장군왕족발-창동점,1067,18000,2000,6.97354301952014,9.798182590890704,7.601402334583733,2
가장맛있는족발-은행사거리점,2278,29000,2000,7.731492029245684,10.275085591132715,7.601402334583733,2
족발야시장-상계점,711,29000,1000,6.568077911411976,10.275085591132715,6.90875477931522,2
구구족-노원상계점,747,18900,2900,6.617402977974478,9.846970109700957,7.972810784121404,1
족발야시장-쌍문점,4087,29000,3000,8.31581113188354,10.275085591132715,8.006700845440367,1
원할머니보쌈-수락산점,1761,30000,2000,7.474204806496124,10.308985993422082,7.601402334583733,2
개성보쌈족발-노원본점,821,20000,2000,6.71174039505618,9.90353755128617,7.601402334583733,2
보쌈애-방학동점,374,13000,2900,5.926926025970411,9.472781556562168,7.972810784121404,1
가장맛있는족발-수락산점,225,30000,2000,5.420534999272286,10.308985993422082,7.601402334583733,2
영동족발&보쌈-노원본점,190,17000,2000,5.25227342804663,9.741027444837728,7.601402334583733,2
도야족발-창동점,1097,18000,2000,7.001245622069476,9.798182590890704,7.601402334583733,2
족발야시장-창동역점,1278,30000,1000,7.153833801578843,10.308985993422082,6.90875477931522,2
족발야시장-공릉점,2499,30000,4000,7.824046010856292,10.308985993422082,8.294299608857235,1
족발야시장-수락산점,249,29000,2000,5.521460917862246,10.275085591132715,7.601402334583733,2
족발참잘하는집-창동점,159,20000,2000,5.075173815233827,9.90353755128617,7.601402334583733,2
윤씨네족보,378,28000,1000,5.937536205082426,10.239995502805316,6.90875477931522,2
소문난순대국&왕족발,288,12000,3000,5.666426688112432,9.392745258631441,8.006700845440367,0
달인보쌈,8,13000,2000,2.1972245773362196,9.472781556562168,7.601402334583733,3
싸움의고수-은행사거리점,425,7500,3400,6.054439346269371,8.922791623969637,8.131824785007195,0
가장맛있는족발-중계브라운스톤점,248,25000,2900,5.517452896464707,10.12667110305036,7.972810784121404,1
마스터족발-방학점,139,25000,2000,4.941642422609304,10.12667110305036,7.601402334583733,2
뚱보족발보쌈,34,25000,1000,3.5553480614894135,10.12667110305036,6.90875477931522,2
귀한족발-노원점,31,25000,3400,3.4657359027997265,10.12667110305036,8.131824785007195,3
아씨네화덕족발-상계점,44,29000,2500,3.8066624897703196,10.275085591132715,7.824445930877619,1
쉐프의1인족발보쌈,17,7900,3400,2.8903717578961645,8.974744612722734,8.131824785007195,0
족발갓성비-공릉점,620,10000,5000,6.431331081933479,9.210440366976517,8.517393171418904,0
가장맛있는족발-창동먹자골목점,78,30000,2000,4.3694478524670215,10.308985993422082,7.601402334583733,2
장수왕족발보쌈-본점,308,20000,2000,5.733341276897746,9.90353755128617,7.601402334583733,2
순수한방김가네왕족발,45,20000,2000,3.828641396489095,9.90353755128617,7.601402334583733,2
가장맛있는족발-보람마들점,42,30000,3000,3.7612001156935624,10.308985993422082,8.006700845440367,1
함가네대왕족발,10,17000,2900,2.3978952727983707,9.741027444837728,7.972810784121404,3
봉심이족발보쌈전문점,111,28000,3900,4.718498871295094,10.239995502805316,8.268988209506656,1
N도시락,328,10000,3500,5.796057750765372,9.210440366976517,8.160803920954665,0
가장맛있는족발-공릉점,1216,28000,6000,7.104144092987527,10.239995502805316,8.699681400989514,1
당일왕족발,491,27000,4000,6.198478716492308,10.203629181337648,8.294299608857235,1
숯불구이예가족발-노원점,15,18000,3000,2.772588722239781,9.798182590890704,8.006700845440367,3
박순남의오시는족족,14,26000,2000,2.70805020110221,10.165890277802454,7.601402334583733,3
마마족발,180,28000,2000,5.198497031265826,10.239995502805316,7.601402334583733,2
마왕족발-상계점,833,27000,3500,6.726233402358747,10.203629181337648,8.160803920954665,1
방학동황금족발-본점,147,20000,3000,4.997212273764115,9.90353755128617,8.006700845440367,1
오봉족발-본점,1389,10000,5000,7.237059026124737,9.210440366976517,8.517393171418904,0
남대문황금족발-공릉점,63,28000,3000,4.1588830833596715,10.239995502805316,8.006700845440367,1
가장맛있는족발-상계역점,274,29000,4000,5.616771097666572,10.275085591132715,8.294299608857235,1
따스한곱창-방학역점,130,13900,1000,4.875197323201151,9.539716058977092,6.90875477931522,2
귀한1인족발보쌈,100,10000,5000,4.61512051684126,9.210440366976517,8.517393171418904,0
호세야오리바베큐-방학점,69,16000,2000,4.248495242049359,9.680406499268875,7.601402334583733,2
만족오향족발-창동점,10,22000,3000,2.3978952727983707,9.99884318585288,8.006700845440367,3
종가집할매보쌈족발,55,12000,4000,4.02535169073515,9.392745258631441,8.294299608857235,3
오늘은족발이다,3,25000,3400,1.3862943611198906,10.12667110305036,8.131824785007195,3
참맛있는족발보쌈,12,12000,4000,2.5649493574615367,9.392745258631441,8.294299608857235,3
호세야오리바베큐-상계점,400,19000,3000,5.993961427306569,9.852246888342531,8.006700845440367,1
신라왕족발&보쌈,4,20000,3400,1.6094379124341003,9.90353755128617,8.131824785007195,3
그리운시장족발,0,23000,4000,0.0,10.043292972227004,8.294299608857235,3
족발끝판왕-공릉점,261,10000,5000,5.568344503761097,9.210440366976517,8.517393171418904,0
신창족발,14,25000,5400,2.70805020110221,10.12667110305036,8.594339400592892,3
대문한정식,5,20000,3900,1.791759469228055,9.90353755128617,8.268988209506656,3
방태막국수-창동점,14,20000,3400,2.70805020110221,9.90353755128617,8.131824785007195,3
테이크돈,3,14000,2900,1.3862943611198906,9.546884034617925,7.972810784121404,3
쪽갈비상회-쌍문점,161,15000,4000,5.087596335232384,9.61587214452889,8.294299608857235,1
명가마늘보쌈&청국장,1,30000,2900,0.6931471805599453,10.308985993422082,7.972810784121404,3
코리안(KOREAN)명품족발,0,30000,6400,0.0,10.308985993422082,8.764209507142004,3
제주도흑돼지족발,0,15000,2900,0.0,9.61587214452889,7.972810784121404,3
완도황칠보쌈전복찜,0,25000,4400,0.0,10.12667110305036,8.38958706681109,3
롯데리아-마들역점,3880,10000,3500,8.263848131368906,9.210440366976517,8.160803920954665,0
고기혁명-노원점,270,14900,2500,5.602118820879701,9.60918360377546,7.824445930877619,1
연평도간장게장-방학점,0,12000,5500,0.0,9.392745258631441,8.612685172875459,3
파무쳐두마리파닭,781,15000,2000,6.661854740545311,9.61587214452889,7.601402334583733,2
세븐한식&분식천국,847,13000,3000,6.742880635791903,9.472781556562168,8.006700845440367,1
국밥생각-상계점,350,14000,2000,5.860786223465865,9.546884034617925,7.601402334583733,2
파스타집이야-노원점,453,8000,2500,6.118097198041348,8.987321812850125,7.824445930877619,0
라와마라탕-2호점,644,15000,3000,6.4692503167957724,9.61587214452889,8.006700845440367,1
찌개덕후-본점,333,9900,3500,5.811140992976701,9.200391041122515,8.160803920954665,0
타코이찌타꼬야끼-노원전문점,213,14000,2000,5.365976015021851,9.546884034617925,7.601402334583733,2
죽이요-서울상계점,192,14000,2000,5.262690188904886,9.546884034617925,7.601402334583733,2
미미국물닭발-노원점,5,10000,3000,1.791759469228055,9.210440366976517,8.006700845440367,3
피플스파스타-노원점,199,14000,3000,5.298317366548036,9.546884034617925,8.006700845440367,1
정음지음-김치요리전문점,544,16000,2500,6.300785794663244,9.680406499268875,7.824445930877619,1
불아더숯불바베큐-노원점,132,16000,4000,4.890349128221754,9.680406499268875,8.294299608857235,1
냉면&불타오르냉-노원점,49,14000,2000,3.912023005428146,9.546884034617925,7.601402334583733,2
봉명동내커피-노원점,659,12000,3400,6.492239835020471,9.392745258631441,8.131824785007195,1
썬더치킨-상계점,504,14900,3000,6.22455842927536,9.60918360377546,8.006700845440367,1
시카고부대찌개-노원점,97,14000,2000,4.584967478670572,9.546884034617925,7.601402334583733,2
와우곱창막창,807,18000,2000,6.694562058521095,9.798182590890704,7.601402334583733,2
순삭곱창,109,20000,3000,4.700480365792417,9.90353755128617,8.006700845440367,1
레전드고기한상-도봉점,378,10000,3000,5.937536205082426,9.210440366976517,8.006700845440367,0
육회만드는사람들-노원점,47,20000,2000,3.871201010907891,9.90353755128617,7.601402334583733,2
산적육회-노원상계점,4,20000,2000,1.6094379124341003,9.90353755128617,7.601402334583733,3
피자벨리-본점,479,15900,2000,6.173786103901937,9.674137279312397,7.601402334583733,2
오늘은스파게티&치즈밥-노원구점,69,13000,3500,4.248495242049359,9.472781556562168,8.160803920954665,3
천복스시,7,12000,3500,2.0794415416798357,9.392745258631441,8.160803920954665,3
봉이네찜닭&닭도리탕-도봉노원점,124,19000,3000,4.8283137373023015,9.852246888342531,8.006700845440367,1
LA교룡갈비찜닭,27,15000,2000,3.332204510175204,9.61587214452889,7.601402334583733,3
신의주찹쌀순대-도봉구청점,158,8000,5000,5.0689042022202315,8.987321812850125,8.517393171418904,0
이쿠라멘&돈카츠-도봉점,30,12000,5500,3.4339872044851463,9.392745258631441,8.612685172875459,3
벤앤제리스아이스크림-방학DV점,1,12000,5000,0.6931471805599453,9.392745258631441,8.517393171418904,3
미아닭발,4,14000,3000,1.6094379124341003,9.546884034617925,8.006700845440367,3
통영해물탕,34,15000,2000,3.5553480614894135,9.61587214452889,7.601402334583733,2
죽사랑-창동점,173,15000,2000,5.159055299214529,9.61587214452889,7.601402334583733,2
집밥뚝딱-쌍문점,5,3000,5000,1.791759469228055,8.006700845440367,8.517393171418904,0
"곱,끌림delivery-도봉점",14,24900,3000,2.70805020110221,10.122663242288953,8.006700845440367,3
야수곱창,17,24000,5000,2.8903717578961645,10.085850775128717,8.517393171418904,3
청춘불닭발-강북점,86,17000,5900,4.465908118654584,9.741027444837728,8.682877107057168,1
착한가격족선생,24,22000,4500,3.2188758248682006,9.99884318585288,8.412054873292933,3
앞다리뒷다리,200,28000,4500,5.303304908059076,10.239995502805316,8.412054873292933,1
금강산감자탕,21,9000,5000,3.091042453358316,9.105090961257085,8.517393171418904,0
레게노돈삼닭,3,12000,8400,1.3862943611198906,9.392745258631441,9.036106025364846,3
아라연대게-의정부점,1,30000,10000,0.6931471805599453,10.308985993422082,9.210440366976517,3
덕수파스타-수유점,1,12000,3900,0.6931471805599453,9.392745258631441,8.268988209506656,3
육회한덮밥,4722,14000,2000,8.460199469896118,9.546884034617925,7.601402334583733,2
청춘불닭발-노원본점,2696,15000,3000,7.89989532313973,9.61587214452889,8.006700845440367,1
이끌리오-중계점,331,13000,1000,5.805134968916488,9.472781556562168,6.90875477931522,2
잭아저씨족발보쌈-노원점,4768,20000,1000,8.469891918298224,9.90353755128617,6.90875477931522,2
후라이드참잘하는집-상계점,5217,10000,2000,8.559869465696673,9.210440366976517,7.601402334583733,2
롯데리아-노원역점,1970,10000,3500,7.58629630715272,9.210440366976517,8.160803920954665,0
육회한연어-노원점,2072,14000,2000,7.636752112435779,9.546884034617925,7.601402334583733,2
노랑통닭-중계점,2494,18000,3000,7.822044008185619,9.798182590890704,8.006700845440367,1
숯돌이곱창-노원점,1483,18000,2000,7.302496423727326,9.798182590890704,7.601402334583733,2
맛닭꼬-상계로또점,367,10000,1000,5.908082938168931,9.210440366976517,6.90875477931522,2
삼겹이차돌이,755,10000,2500,6.628041376179533,9.210440366976517,7.824445930877619,0
곱분이곱창-방학역점,332,18000,3000,5.808142489980444,9.798182590890704,8.006700845440367,1
카페아에-노원점,730,10000,2500,6.594413459749778,9.210440366976517,7.824445930877619,0
동근이숯불두마리치킨-노원점,1043,15900,2500,6.950814768442584,9.674137279312397,7.824445930877619,1
辛닭발닭날개,3218,15000,3400,8.076826031298808,9.61587214452889,8.131824785007195,1
프레드피자-서울노원점,209,15900,2000,5.3471075307174685,9.674137279312397,7.601402334583733,2
놀떡-보람한신점,330,11900,1000,5.802118375377063,9.38437770918244,6.90875477931522,2
따스한곱창-방학역점,130,13900,1000,4.875197323201151,9.539716058977092,6.90875477931522,2
30년불멸의닭발-쌍문점,41,9000,900,3.7376696182833684,9.105090961257085,6.803505257608338,2
요거트월드-노원점,57,10000,3400,4.060443010546419,9.210440366976517,8.131824785007195,0
파스타한끼!,74,5000,2000,4.31748811353631,8.517393171418904,7.601402334583733,0
롯데리아-창동역점,2424,10000,3500,7.793586803371584,9.210440366976517,8.160803920954665,0
닭발세상,381,16000,2000,5.945420608606575,9.680406499268875,7.601402334583733,2
구구족-노원상계점,747,18900,2900,6.617402977974478,9.846970109700957,7.972810784121404,1
족발야시장-상계점,711,29000,1000,6.568077911411976,10.275085591132715,6.90875477931522,2
직화삼겹직구삼-노원1호점,1789,12000,900,7.489970898834801,9.392745258631441,6.803505257608338,2
최배달떡순튀-노원점,211,12000,2000,5.356586274672012,9.392745258631441,7.601402334583733,2
탐나종합어시장-방학역점,879,20000,3000,6.779921907472252,9.90353755128617,8.006700845440367,1
옆집떡볶이-쌍문점,103,12000,4000,4.6443908991413725,9.392745258631441,8.294299608857235,0
요녀석파스타&필라프-도봉점,555,10000,2900,6.320768294250582,9.210440366976517,7.972810784121404,0
피제이피자-노원직영점,1202,14900,1000,7.0925737159746784,9.60918360377546,6.90875477931522,2
삼겹의민족-방학점,86,9900,3100,4.465908118654584,9.200391041122515,8.03947991910045,0
응큼떡볶이-창동점,32,9800,1900,3.4965075614664802,9.19023970026918,7.550135342488429,0
큰집닭강정-마들점,162,8000,3500,5.093750200806762,8.987321812850125,8.160803920954665,0
족발야시장-쌍문점,4087,29000,3000,8.31581113188354,10.275085591132715,8.006700845440367,1
파스타입니다-노원점,1310,7000,3200,7.1785454837637,8.853808274977197,8.071218539969863,0
육회란연어다-공릉묵동점,1081,14000,3500,6.9865664594064265,9.546884034617925,8.160803920954665,1
피자1989-상계점,886,15900,3500,6.787844982309579,9.674137279312397,8.160803920954665,1
청춘묵은지김치찜-창동점,542,10000,3500,6.297109319933935,9.210440366976517,8.160803920954665,0
국민닭발-노원점,212,17000,3000,5.3612921657094255,9.741027444837728,8.006700845440367,1
맛있는곱창-본점,479,22000,3000,6.173786103901937,9.99884318585288,8.006700845440367,1
육회바른연어-쌍문점,194,10000,3500,5.272999558563747,9.210440366976517,8.160803920954665,0
우동야마이루식-창동점,51,9800,1900,3.9512437185814275,9.19023970026918,7.550135342488429,0
페리카나-상계역점,3251,17000,3000,8.087025470667701,9.741027444837728,8.006700845440367,1
크라칸치킨,205,14900,2000,5.327876168789581,9.60918360377546,7.601402334583733,2
지랄닭발-노원점,103,15000,2500,4.6443908991413725,9.61587214452889,7.824445930877619,1
응급실국물떡볶이-서울창동역점,1504,15000,3500,7.316548177182976,9.61587214452889,8.160803920954665,1
가장맛있는족발-수락산점,225,30000,2000,5.420534999272286,10.308985993422082,7.601402334583733,2
족발야시장-공릉점,2499,30000,4000,7.824046010856292,10.308985993422082,8.294299608857235,1
BHC-도봉역점,9684,16000,3000,9.178333575841096,9.680406499268875,8.006700845440367,1
도야족발-창동점,1097,18000,2000,7.001245622069476,9.798182590890704,7.601402334583733,2
찜닭&닭도리달인-상계점,198,12000,3000,5.293304824724492,9.392745258631441,8.006700845440367,0
처갓집양념치킨-수락산점,1800,17000,2000,7.496097345175956,9.741027444837728,7.601402334583733,2
이삭토스트-방학점,2169,11000,4000,7.682482446534506,9.305741456739435,8.294299608857235,0
할머니가래떡볶이-노원본점,1502,14000,1900,7.315218389752975,9.546884034617925,7.550135342488429,2
고기극찬-노원점,64,16800,2500,4.174387269895637,9.729193687429403,7.824445930877619,3
박은선닭꼬치-방학점,76,20000,3000,4.343805421853684,9.90353755128617,8.006700845440367,1
타코만타코야끼,125,13000,3000,4.836281906951478,9.472781556562168,8.006700845440367,1
신군산횟집,7,20000,3000,2.0794415416798357,9.90353755128617,8.006700845440367,3
스시데마에,336,15500,1000,5.820082930352362,9.648659816955295,6.90875477931522,2
광수육회-방학점,292,15000,3000,5.680172609017068,9.61587214452889,8.006700845440367,1
1인육회,95,10900,3000,4.564348191467836,9.296609807128359,8.006700845440367,0
맛닭꼬-중계브라운스톤점,276,12000,3000,5.6240175061873385,9.392745258631441,8.006700845440367,0
왕손피자-도봉구점,1267,15000,2000,7.145196134997171,9.61587214452889,7.601402334583733,2
순살만공격-상계점,88,14000,4000,4.48863636973214,9.546884034617925,8.294299608857235,3
명품동태탕&해물알찜,49,20000,2000,3.912023005428146,9.90353755128617,7.601402334583733,2
앤덤두마리치킨,1472,16000,2000,7.29505641646263,9.680406499268875,7.601402334583733,2
라사천마라탕-노원점,468,14900,3400,6.150602768446279,9.60918360377546,8.131824785007195,1
기영이숯불두마리치킨-노원상계점,45,15000,2500,3.828641396489095,9.61587214452889,7.824445930877619,3
세븐한식&분식천국,847,13000,3000,6.742880635791903,9.472781556562168,8.006700845440367,1
찌개덕후-본점,333,9900,3500,5.811140992976701,9.200391041122515,8.160803920954665,0
정음지음-김치요리전문점,544,16000,2500,6.300785794663244,9.680406499268875,7.824445930877619,1
레전드고기한상-도봉점,378,10000,3000,5.937536205082426,9.210440366976517,8.006700845440367,0
동대문엽기떡볶이-노원점,293,14000,3000,5.683579767338681,9.546884034617925,8.006700845440367,1
청년다방-노원역점,1134,13500,2500,7.034387929915503,9.510519035757246,7.824445930877619,1
수유리우동집-수락산점,396,13000,2900,5.983936280687191,9.472781556562168,7.972810784121404,1
동대문엽기떡볶이-중계점,616,14000,3000,6.424869023905388,9.546884034617925,8.006700845440367,1
명인만두-방학점,1508,12000,3000,7.319202458767849,9.392745258631441,8.006700845440367,1
스쿨푸드-노원점,678,15000,2500,6.520621127558696,9.61587214452889,7.824445930877619,1
꿈의김밥-노원점,167,5000,2900,5.123963979403259,8.517393171418904,7.972810784121404,0
걸작떡볶이치킨-쌍문창동점,3925,18000,3000,8.275376374836407,9.798182590890704,8.006700845440367,1
놀떡-보람한신점,330,11900,1000,5.802118375377063,9.38437770918244,6.90875477931522,2
김가네-방학역점,827,13000,2900,6.71901315438526,9.472781556562168,7.972810784121404,1
김밥천국-공릉점,974,11000,3000,6.882437470997847,9.305741456739435,8.006700845440367,0
최배달떡순튀-노원점,211,12000,2000,5.356586274672012,9.392745258631441,7.601402334583733,2
동대문엽기떡볶이-수락산점,127,14000,3000,4.852030263919617,9.546884034617925,8.006700845440367,1
은사즉석떡볶이-중계본점,431,12000,3000,6.068425588244111,9.392745258631441,8.006700845440367,0
킹스김밥,467,12000,3000,6.148468295917647,9.392745258631441,8.006700845440367,0
신참떡볶이-마들역점,386,12000,2500,5.958424693029782,9.392745258631441,7.824445930877619,0
배떡-쌍문점,981,12000,2900,6.889591308354466,9.392745258631441,7.972810784121404,1
떡참떡볶이참잘하는집-노원점,125,12000,2400,4.836281906951478,9.392745258631441,7.783640596221253,0
응큼떡볶이-창동점,32,9800,1900,3.4965075614664802,9.19023970026918,7.550135342488429,0
응급실국물떡볶이-상계점,851,14000,2500,6.747586526829315,9.546884034617925,7.824445930877619,1
김밥천국-마들역점,338,15000,3000,5.82600010738045,9.61587214452889,8.006700845440367,1
옆집떡볶이-쌍문점,103,12000,4000,4.6443908991413725,9.392745258631441,8.294299608857235,0
우동야마이루식-창동점,51,9800,1900,3.9512437185814275,9.19023970026918,7.550135342488429,0
33떡볶이-상록마들점,96,14000,2000,4.574710978503383,9.546884034617925,7.601402334583733,2
얌샘김밥-중계역점,322,15000,3500,5.777652323222656,9.61587214452889,8.160803920954665,1
할머니가래떡볶이-노원본점,1502,14000,1900,7.315218389752975,9.546884034617925,7.550135342488429,2
신전떡볶이-도봉점,1978,15000,2500,7.590346945602565,9.61587214452889,7.824445930877619,1
달떡볶이-노원점,467,11000,2500,6.148468295917647,9.305741456739435,7.824445930877619,0
명가김밥,2330,12000,4000,7.754052639035757,9.392745258631441,8.294299608857235,1
명동분식-방학동도깨비시장점,130,10000,2900,4.875197323201151,9.210440366976517,7.972810784121404,0
청년다방-상계역점,1066,13500,3500,6.9726062513017535,9.510519035757246,8.160803920954665,1
민들레김밥-쌍문홀씨점,42,12000,2900,3.7612001156935624,9.392745258631441,7.972810784121404,3
마몽로제떡볶이-노원상계점,351,8000,3900,5.863631175598097,8.987321812850125,8.268988209506656,0
금강분식,1498,10000,3400,7.312553498102598,9.210440366976517,8.131824785007195,0
신전떡볶이-노원역점,218,15000,3400,5.389071729816501,9.61587214452889,8.131824785007195,1
신전떡볶이-은행사거리점,574,14000,4800,6.354370040797351,9.546884034617925,8.476579508530941,1
응급실국물떡볶이-쌍문역점,1017,15000,4000,6.925595197110468,9.61587214452889,8.294299608857235,1
응급실국물떡볶이-서울창동역점,1504,15000,3500,7.316548177182976,9.61587214452889,8.160803920954665,1
걸작떡볶이치킨-노원상계점,158,18000,3000,5.0689042022202315,9.798182590890704,8.006700845440367,1
땅스떡볶이-방학점,101,11900,1000,4.624972813284271,9.38437770918244,6.90875477931522,2
떡볶이에빠지다,17,5000,2500,2.8903717578961645,8.517393171418904,7.824445930877619,0
부리또인-노원역점,9,15000,2900,2.302585092994046,9.61587214452889,7.972810784121404,3
두레마을우동집-창동직영점,123,10000,3000,4.820281565605037,9.210440366976517,8.006700845440367,0
제육천재-도봉점,1485,9900,2400,7.303843225277705,9.200391041122515,7.783640596221253,0
타코만타코야끼,125,13000,3000,4.836281906951478,9.472781556562168,8.006700845440367,1
여우애김밥-상계점,111,12000,3200,4.718498871295094,9.392745258631441,8.071218539969863,0
은사즉석떡볶이-쌍문점,258,12000,2500,5.556828061699537,9.392745258631441,7.824445930877619,0
분식문방구-하계점,874,10000,6400,6.774223886357614,9.210440366976517,8.764209507142004,0
눈치떡-상계점,139,12000,2000,4.941642422609304,9.392745258631441,7.601402334583733,2
배떡-수락산역점,89,12000,3500,4.499809670330265,9.392745258631441,8.160803920954665,0
동대문엽기떡볶이-노원역점,31,14000,4000,3.4657359027997265,9.546884034617925,8.294299608857235,3
밥깨비-노원점,1039,12000,2000,6.946975992135418,9.392745258631441,7.601402334583733,2
백남옥손만두-노원역점,61,10000,3400,4.127134385045092,9.210440366976517,8.131824785007195,0
최대섭대박김밥,230,15000,3400,5.442417710521793,9.61587214452889,8.131824785007195,1
2009미스터떡볶이&김밥,174,12000,3400,5.1647859739235145,9.392745258631441,8.131824785007195,0
떡볶이스타-노원점,420,14000,2900,6.042632833682381,9.546884034617925,7.972810784121404,1
케이콜라보떡볶이김밥-상계역점,137,13000,3900,4.927253685157205,9.472781556562168,8.268988209506656,1
매운국물떡볶이밀방떡-도봉구점,587,14000,2900,6.376726947898627,9.546884034617925,7.972810784121404,1
스태프핫도그-방학점,586,8000,2900,6.375024819828097,8.987321812850125,7.972810784121404,0
삼첩분식-서울노원점,632,14000,4000,6.450470422144176,9.546884034617925,8.294299608857235,1
행컵-노원점,1522,14000,2500,7.328437352895162,9.546884034617925,7.824445930877619,1
미스테리분식,104,14000,2900,4.653960350157523,9.546884034617925,7.972810784121404,1
떡군이네떡볶이-노원상계점,246,12000,3400,5.5093883366279774,9.392745258631441,8.131824785007195,0
불볶이와튀김범벅-창동점,323,13000,4000,5.780743515792329,9.472781556562168,8.294299608857235,1
김종구부산어묵-노원점,3,9900,3500,1.3862943611198906,9.200391041122515,8.160803920954665,3
명품분식청년다방-노원점,11,13500,2000,2.4849066497880004,9.510519035757246,7.601402334583733,3
참분식,134,13000,3400,4.90527477843843,9.472781556562168,8.131824785007195,1
죠스떡볶이-중계은행사거리점,22,13000,4500,3.1354942159291497,9.472781556562168,8.412054873292933,3
명품만두-도봉점,3,10000,2900,1.3862943611198906,9.210440366976517,7.972810784121404,3
파라솔분식,52,12000,2900,3.970291913552122,9.392745258631441,7.972810784121404,3
봉구스밥버거-방학점,505,10000,3500,6.226536669287466,9.210440366976517,8.160803920954665,0
권순옥김밥,205,12000,4000,5.327876168789581,9.392745258631441,8.294299608857235,0
타코이찌타꼬야끼-노원전문점,213,14000,2000,5.365976015021851,9.546884034617925,7.601402334583733,2
아담만두-중계본점,22,9000,4400,3.1354942159291497,9.105090961257085,8.38958706681109,0
돈카춘돈까스&카레-노원점,212,10000,2900,5.3612921657094255,9.210440366976517,7.972810784121404,0
채선당도시락&샐러드-마들점,562,15000,2900,6.333279628139691,9.61587214452889,7.972810784121404,1
크래미김밥우동집,137,10000,5400,4.927253685157205,9.210440366976517,8.594339400592892,0
죠스떡볶이-방학역점,216,15000,4000,5.37989735354046,9.61587214452889,8.294299608857235,1
파파스김밥&떡볶이,393,15000,3400,5.976350909297934,9.61587214452889,8.131824785007195,1
떡참떡볶이참잘하는집-도봉창동점,90,9000,4000,4.51085950651685,9.105090961257085,8.294299608857235,0
걸작떡볶이치킨-방학점,1847,18000,3500,7.521859252201629,9.798182590890704,8.160803920954665,1
스파게티스토리-노원점,1133,13000,2400,7.033506484287697,9.472781556562168,7.783640596221253,1
달떡볶이-공릉점,36,13000,6500,3.6109179126442243,9.472781556562168,8.77971129020447,3
곱분이곱창-방학역점,332,18000,3000,5.808142489980444,9.798182590890704,8.006700845440367,1
응급실국물떡볶이-서울방학점,270,14000,4500,5.602118820879701,9.546884034617925,8.412054873292933,1
민들레김밥,35,15000,3000,3.58351893845611,9.61587214452889,8.006700845440367,3
모찌네타코야끼콩떡빙수-번동점,54,11000,5400,4.007333185232471,9.305741456739435,8.594339400592892,0
혜화동떡볶이극장-서울상계점,10,13900,3000,2.3978952727983707,9.539716058977092,8.006700845440367,3
볶음밥주는떡볶이,3,13000,2900,1.3862943611198906,9.472781556562168,7.972810784121404,3
태리로제떡볶이-서울쌍문점,42,17000,5000,3.7612001156935624,9.741027444837728,8.517393171418904,3
바보국수,4,12000,2800,1.6094379124341003,9.392745258631441,7.937731775260109,3
최고당돈가스-쌍문역점,676,10000,3900,6.517671272912275,9.210440366976517,8.268988209506656,0
파스타입니다-노원점,1310,7000,3200,7.1785454837637,8.853808274977197,8.071218539969863,0
프랭크수제치즈버거-방학역점,767,9900,3200,6.643789733147672,9.200391041122515,8.071218539969863,0
아오리라멘-노원점,365,12000,2500,5.902633333401366,9.392745258631441,7.824445930877619,0
원조멸치국수-마들점,54,13000,2900,4.007333185232471,9.472781556562168,7.972810784121404,3
감탄떡볶이-보람점,77,13000,2500,4.356708826689592,9.472781556562168,7.824445930877619,3
멘야마쯔리딜리버리라멘-중계점,175,12000,3400,5.170483995038151,9.392745258631441,8.131824785007195,0
고기듬뿍대왕비빔밥-서울노원점,920,19000,2900,6.825460036255307,9.852246888342531,7.972810784121404,1
명품만두-수락산점,11,10000,2900,2.4849066497880004,9.210440366976517,7.972810784121404,3
요거요거맛있네,13,13000,3900,2.6390573296152584,9.472781556562168,8.268988209506656,3
짱구네김밥분식,25,14000,3900,3.258096538021482,9.546884034617925,8.268988209506656,3
쉰요사오뎅,4,12000,3000,1.6094379124341003,9.392745258631441,8.006700845440367,3
총각네타코야끼,489,9000,6400,6.194405391104672,9.105090961257085,8.764209507142004,0
낙지한마리수제비-노원점,46,18000,2900,3.8501476017100584,9.798182590890704,7.972810784121404,3
만두퍼드림,20,10000,4400,3.044522437723423,9.210440366976517,8.38958706681109,3
차고집칡냉면&수제돈까스,1746,12000,2900,7.465655310134056,9.392745258631441,7.972810784121404,1
비엣포쌀국수,314,15900,3500,5.752572638825633,9.674137279312397,8.160803920954665,1
뽁자떡볶이,3,12000,2900,1.3862943611198906,9.392745258631441,7.972810784121404,3
프랭크수제치즈버거-수락산역점,310,9900,3300,5.739792912179234,9.200391041122515,8.101980731853192,0
수제떡볶이꼬레노,198,14000,3000,5.293304824724492,9.546884034617925,8.006700845440367,1
내고향왕만두,61,10000,4400,4.127134385045092,9.210440366976517,8.38958706681109,0
502세컨즈카페-노원점,1280,14000,3000,7.155396301896734,9.546884034617925,8.006700845440367,1
피자아이씨-중계본동점,58,15000,3000,4.07753744390572,9.61587214452889,8.006700845440367,3
육회란연어다-공릉묵동점,1081,14000,3500,6.9865664594064265,9.546884034617925,8.160803920954665,1
봉명동내커피-노원점,659,12000,3400,6.492239835020471,9.392745258631441,8.131824785007195,1
벤앤제리스아이스크림-방학DV점,1,12000,5000,0.6931471805599453,9.392745258631441,8.517393171418904,3
크로플각-본점,3785,9900,1800,8.239065331769268,9.200391041122515,7.496097345175956,2
소확행베이커리,1293,16500,1500,7.165493475060845,9.711176264112805,7.313886831633462,2
빽다방-노원문화의거리점,549,8000,3400,6.309918278226516,8.987321812850125,8.131824785007195,0
크리스피크림도넛-롯데노원점,211,15000,2000,5.356586274672012,9.61587214452889,7.601402334583733,2
카페아에-노원점,730,10000,2500,6.594413459749778,9.210440366976517,7.824445930877619,0
빽다방-수락산역점,206,8800,3000,5.332718793265369,9.082620630373812,8.006700845440367,0
포트캔커피-방학점,13,14000,2000,2.6390573296152584,9.546884034617925,7.601402334583733,3
와플대학-방학역캠퍼스점,73,10000,2900,4.30406509320417,9.210440366976517,7.972810784121404,0
요거트월드-노원점,57,10000,3400,4.060443010546419,9.210440366976517,8.131824785007195,0
커피킹-방학점,77,10000,2500,4.356708826689592,9.210440366976517,7.824445930877619,0
리프베이글&샌드위치,246,9800,1500,5.5093883366279774,9.19023970026918,7.313886831633462,2
포트캔커피(노원은행사거리점),140,11900,3000,4.948759890378168,9.38437770918244,8.006700845440367,0
배배커피(BAEBAECOFFEE),462,10000,3400,6.137727054086234,9.210440366976517,8.131824785007195,0
만스에스테이트-도봉점,148,5000,3400,5.003946305945459,8.517393171418904,8.131824785007195,0
커스텀커피-중계점,25,15000,2400,3.258096538021482,9.61587214452889,7.783640596221253,3
O'cafe오카페,167,13000,2900,5.123963979403259,9.472781556562168,7.972810784121404,1
배스킨라빈스-노원로데오점,949,13500,3000,6.856461984594587,9.510519035757246,8.006700845440367,1
카페작약,197,11000,1000,5.288267030694535,9.305741456739435,6.90875477931522,2
읍천리382-노원중계점,132,12000,3000,4.890349128221754,9.392745258631441,8.006700845440367,0
빽다방-노원역북부점,139,8000,2900,4.941642422609304,8.987321812850125,7.972810784121404,0
감각,114,9900,2000,4.74493212836325,9.200391041122515,7.601402334583733,0
빽다방-노원역우리은행점,708,8000,3400,6.5638555265321274,8.987321812850125,8.131824785007195,0
모퉁이카페,415,8500,2500,6.030685260261263,9.04793908261736,7.824445930877619,0
(주)빵굽는사람들,90,15000,2000,4.51085950651685,9.61587214452889,7.601402334583733,2
크로플전문점야미디저트,14,9900,2400,2.70805020110221,9.200391041122515,7.783640596221253,3
배스킨라빈스-도봉점,41,13500,3000,3.7376696182833684,9.510519035757246,8.006700845440367,3
할리스-노원문화의거리점,171,10000,2000,5.147494476813453,9.210440366976517,7.601402334583733,0
통큰커피청년다방-노원역점,7,13500,2000,2.0794415416798357,9.510519035757246,7.601402334583733,3
요거프레소-노원문화점,1160,17000,3400,7.057036981697891,9.741027444837728,8.131824785007195,1
카페봄날-방학점,163,7000,3300,5.099866427824199,8.853808274977197,8.101980731853192,0
요거트아이스크림의정석-쌍문점,243,8000,3900,5.497168225293202,8.987321812850125,8.268988209506656,0
Pokeallday포케&샐러드-노원점,12,12000,3500,2.5649493574615367,9.392745258631441,8.160803920954665,3
설빙-수락산역점,315,11900,4000,5.755742213586912,9.38437770918244,8.294299608857235,0
디저트얌수제마카롱,71,8000,2000,4.276666119016055,8.987321812850125,7.601402334583733,0
디저트39-노원점,6,18500,3400,1.9459101490553132,9.825580063659602,8.131824785007195,3
빽다방-창동역서부점,17,8000,3400,2.8903717578961645,8.987321812850125,8.131824785007195,0
빽다방-방학역점,32,5000,4300,3.4965075614664802,8.517393171418904,8.366602832783736,0
파리바게뜨-마들역점,1939,12000,2200,7.570443252057374,9.392745258631441,7.696667081526462,2
카페플랫&디저트,4,9000,1900,1.6094379124341003,9.105090961257085,7.550135342488429,3
모노치즈-방학역점,63,8000,2900,4.1588830833596715,8.987321812850125,7.972810784121404,0
쥬씨-차얌중계브라운스톤점,73,10000,3500,4.30406509320417,9.210440366976517,8.160803920954665,0
더벤티-방학역점,16,8000,3400,2.833213344056216,8.987321812850125,8.131824785007195,0
배스킨라빈스-마들역점,817,13500,3000,6.706862336602747,9.510519035757246,8.006700845440367,1
쥬씨-방학역점,318,10000,3300,5.765191102784844,9.210440366976517,8.101980731853192,0
마법사꽈베기도너츠,23,10000,3400,3.1780538303479458,9.210440366976517,8.131824785007195,3
에그몬-은행사거리점,108,10000,4400,4.6913478822291435,9.210440366976517,8.38958706681109,0
달빛과일-노원점,87,13000,3400,4.477336814478207,9.472781556562168,8.131824785007195,3
파리바게뜨-도봉1동점,1103,12000,2200,7.00669522683704,9.392745258631441,7.696667081526462,2
파리바게뜨-수락산역점,195,12000,2200,5.278114659230517,9.392745258631441,7.696667081526462,2
설빙-은행사거리점,372,13900,5000,5.921578419643816,9.539716058977092,8.517393171418904,1
하루달곰,16,12000,2900,2.833213344056216,9.392745258631441,7.972810784121404,3
노원토스트,476,10000,3500,6.1675164908883415,9.210440366976517,8.160803920954665,0
푸욱젤라또,25,15000,3400,3.258096538021482,9.61587214452889,8.131824785007195,3
와플대학-노원역캠퍼스점,1,10000,3000,0.6931471805599453,9.210440366976517,8.006700845440367,3
부스터샷커피-방학점,13,9000,2900,2.6390573296152584,9.105090961257085,7.972810784121404,3
컴포즈커피-상계중앙점,16,10000,3400,2.833213344056216,9.210440366976517,8.131824785007195,3
곤트란쉐리에-방학모비우스스퀘어점,7,15000,2900,2.0794415416798357,9.61587214452889,7.972810784121404,3
매머드익스프레스-노원롯데점,44,10000,3400,3.8066624897703196,9.210440366976517,8.131824785007195,0
카페.미니,65,11000,2900,4.189654742026425,9.305741456739435,7.972810784121404,0
샐러디-노원역점,554,9000,3400,6.318968113746434,9.105090961257085,8.131824785007195,0
샹도르과자점,40,12000,3400,3.713572066704308,9.392745258631441,8.131824785007195,3
샐러두,69,13000,2900,4.248495242049359,9.472781556562168,7.972810784121404,3
빙수의여신-노원점,36,15000,3500,3.6109179126442243,9.61587214452889,8.160803920954665,3
커피빈-노원역점,86,9000,4000,4.465908118654584,9.105090961257085,8.294299608857235,0
더벤티-창동점,89,8000,3500,4.499809670330265,8.987321812850125,8.160803920954665,0
민부곤과자점,210,10000,2900,5.351858133476067,9.210440366976517,7.972810784121404,0
하마쿡,60,11000,2900,4.110873864173311,9.305741456739435,7.972810784121404,0
배스킨라빈스-수락산역점,346,13500,3000,5.849324779946859,9.510519035757246,8.006700845440367,1
파리바게뜨-상계보람점,1072,12000,2200,6.9782137426306985,9.392745258631441,7.696667081526462,2
수제디저트카페쥬드,217,11000,1500,5.384495062789089,9.305741456739435,7.313886831633462,2
파리바게뜨-상계제일점,883,12000,2200,6.784457062637643,9.392745258631441,7.696667081526462,2
이삭토스트-방학점,2169,11000,4000,7.682482446534506,9.305741456739435,8.294299608857235,0
하이오커피-상계역점,0,15000,3900,0.0,9.61587214452889,8.268988209506656,3
던킨-마들점,816,13000,3000,6.705639094860003,9.472781556562168,8.006700845440367,1
컴포즈커피-덕성여대점,253,5000,6400,5.537334267018537,8.517393171418904,8.764209507142004,0
뚜레쥬르-상계보람한신점,212,12000,2900,5.3612921657094255,9.392745258631441,7.972810784121404,0
달쥬과일상점-노원35호점,2,15000,1500,1.0986122886681098,9.61587214452889,7.313886831633462,3
그루카페,10,9900,3000,2.3978952727983707,9.200391041122515,8.006700845440367,3
아토커피-노원점,12,9000,3900,2.5649493574615367,9.105090961257085,8.268988209506656,3
아띠몽호두과자,11,15000,2900,2.4849066497880004,9.61587214452889,7.972810784121404,3
"과일에반하다,프루타-쌍문점",7,12000,5400,2.0794415416798357,9.392745258631441,8.594339400592892,3
커피세븐-상계점,3,15000,2900,1.3862943611198906,9.61587214452889,7.972810784121404,3
마리웨일마카롱-노원로데오점,15,13000,2000,2.772588722239781,9.472781556562168,7.601402334583733,3
팔공티-노원점,22,8000,3900,3.1354942159291497,8.987321812850125,8.268988209506656,0
배스킨라빈스-노원역점,235,13500,3000,5.4638318050256105,9.510519035757246,8.006700845440367,1
CGV-수유점,43,13000,5400,3.784189633918261,9.472781556562168,8.594339400592892,3
달빛마루-노원점,3,12000,2900,1.3862943611198906,9.392745258631441,7.972810784121404,3
기가델리,1,12000,2500,0.6931471805599453,9.392745258631441,7.824445930877619,3
종로떡전문점,62,15000,3900,4.143134726391533,9.61587214452889,8.268988209506656,3
영미쿠키,18,5000,3400,2.9444389791664403,8.517393171418904,8.131824785007195,0
쥬씨-차얌노원점,61,12000,3500,4.127134385045092,9.392745258631441,8.160803920954665,3
호두앤미-수락산본점,5,14000,3400,1.791759469228055,9.546884034617925,8.131824785007195,3
제이몽디저트&수제마카롱,164,10000,3000,5.10594547390058,9.210440366976517,8.006700845440367,0
1인커피,10,12000,2900,2.3978952727983707,9.392745258631441,7.972810784121404,3
빙달DessertCafe-노원점,507,15000,2500,6.230481447578482,9.61587214452889,7.824445930877619,1
할리스-수락산역점,13,12000,3400,2.6390573296152584,9.392745258631441,8.131824785007195,3
우노비커피,14,10500,3400,2.70805020110221,9.259225769705994,8.131824785007195,3
루트비커피-쌍문점,12,9000,3400,2.5649493574615367,9.105090961257085,8.131824785007195,3
라트커피,243,12000,4400,5.497168225293202,9.392745258631441,8.38958706681109,0
이디야커피-방학중앙점,29,10000,3000,3.4011973816621555,9.210440366976517,8.006700845440367,0
조이커피JOYCOFFEE,7,10000,2900,2.0794415416798357,9.210440366976517,7.972810784121404,3
레인보우커피,14,11000,2900,2.70805020110221,9.305741456739435,7.972810784121404,3
스윗모드,19,12000,3400,2.995732273553991,9.392745258631441,8.131824785007195,3
오와케이크-수락산역점,0,10000,2900,0.0,9.210440366976517,7.972810784121404,3
카페23,64,8000,2900,4.174387269895637,8.987321812850125,7.972810784121404,0
카페라운드,4,10000,3400,1.6094379124341003,9.210440366976517,8.131824785007195,3
풀무원녹즙-도봉홈가맹점,0,10000,2000,0.0,9.210440366976517,7.601402334583733,3
카페플라워-도봉점,6,12000,2900,1.9459101490553132,9.392745258631441,7.972810784121404,3
사계-상계점,0,12000,2900,0.0,9.392745258631441,7.972810784121404,3
과일팡-창동점,171,15000,5400,5.147494476813453,9.61587214452889,8.594339400592892,1
매머드익스프레스-창동점,57,3000,4500,4.060443010546419,8.006700845440367,8.412054873292933,0
텀브커피쌍문점,3,10000,4400,1.3862943611198906,9.210440366976517,8.38958706681109,3
샐러드로우&트라타-노원점,139,11000,2700,4.941642422609304,9.305741456739435,7.901377353792616,0
켁터스커피,21,8000,3400,3.091042453358316,8.987321812850125,8.131824785007195,0
